,Year,Country,Undernourishment,GDP,Agri_land_cap,Basic_water,Eating_disorder,Employed_%,CO2_agri
0,2013,Albania,3.900000095367432,11361.3,4088.797116042907,92.6,0.14,15.527752025974348,0.4150593784216289
1,2013,Algeria,3.0999999046325684,11319.1,32233.07856060084,93.0,0.22,2.991599190941532,0.107725557885558
2,2013,Argentina,2.799999952316284,24424.1,398.8526315599882,98.9,0.35,0.1593016936472421,11.29726678550208
3,2013,Armenia,3.299999952316284,10691.3,1283047.6882018973,99.0,0.13,14.568022493152077,0.0014888037119225
4,2013,Australia,2.5,46744.6,1168.0973034858184,99.0,1.1,1.286984014388014,14.47397290531586
5,2013,Austria,2.5,52997.8,5574.6768626366575,99.0,0.61,2.195135662586308,1.420583672271374
6,2013,Azerbaijan,2.5,14651.7,1424.0101211799051,89.8,0.15,17.872206039401128,2.634867190422746
7,2013,Bangladesh,15.100000381469728,3965.4,607.3523490959182,96.8,0.11,17.144373269981905,0.6658978228066393
8,2013,Barbados,4.400000095367432,15085.0,175698.39673014556,98.5,0.25,1.1959450428077976,0.0287687687687687
9,2013,Belgium,2.5,48204.6,1937.4201632274248,99.0,0.47,0.5523126754077996,4.750208236927348
10,2013,Bosnia and Herzegovina,2.5,11725.3,660522.5882248001,96.4,0.14,4.3748401596794215,0.0093168020390039
11,2013,Brazil,2.799999952316284,15805.2,0.6217794807438974,97.3,0.24,4.999996915973775,4259.344
12,2013,Bulgaria,3.400000095367432,18911.1,79343.30595553527,99.0,0.16,2.6811732965784247,0.0737872134435185
13,2013,Cambodia,10.800000190734863,3191.9,1014.8050122684648,67.1,0.08,27.26764951921061,0.3657993959522703
14,2013,Canada,2.5,46704.8,4470.976981990528,99.0,0.47,0.8895943783265303,3.6353779861859192
15,2013,Chile,3.0999999046325684,23927.4,25504.6919126823,99.0,0.37,4.198449171590926,0.1825502726729085
16,2013,Colombia,8.100000381469727,13390.5,387.34938002161584,95.8,0.22,7.43568430246958,4.854414214325375
17,2013,Costa Rica,4.099999904632568,18233.0,229.4969476673996,98.9,0.24,4.2189438416772616,7.01277221354406
18,2013,Cyprus,4.699999809265137,33384.5,30781.577562406783,99.0,0.44,0.9911125953564492,0.1869071286566316
19,2013,Czechia,2.5,33661.5,15771.930535494685,99.0,0.2,1.4131732884309862,0.6379948493741391
20,2013,Denmark,2.5,51479.3,4661.101722692116,99.0,0.51,1.2102014986470744,1.5885083713850838
21,2013,Dominican Republic,8.899999618530273,13702.3,2340.711683833544,95.5,0.22,4.267091524414359,0.9042091836734694
22,2013,Ecuador,9.0,11818.6,26377.0213069919,91.7,0.29,11.358345164750562,0.095004698704263
23,2013,El Salvador,10.5,7892.5,11989.959904731446,93.3,0.2,8.219035326095629,0.081112737920937
24,2013,Estonia,2.5,29525.1,202667.3378476318,99.0,0.18,2.005506918521259,0.0738332859515508
25,2013,Ethiopia,21.799999237060547,1545.2,101.16809839619734,39.0,0.07,26.435297497111733,1.0135751295336788
26,2013,Finland,2.5,45328.6,67473.99882036792,99.0,0.52,1.858637569075401,0.1409520695386795
27,2013,France,2.5,42816.3,353.47872522909995,99.0,0.51,1.230844692857742,15.830728359530662
28,2013,Georgia,5.400000095367432,11740.1,71068.96755280274,95.5,0.12,19.12403509174918,0.027834446039265
29,2013,Germany,2.5,49954.2,306.26659821813723,99.0,0.46,0.7044476695453747,33.44410924741563
30,2013,Ghana,7.099999904632568,4769.1,4769.669162691618,77.9,0.11,20.42636626172032,0.1117330409258114
31,2013,Greece,2.5,27810.9,6659.838307356426,99.0,0.48,4.478850660690782,1.1426813924227597
32,2013,Guatemala,17.600000381469727,7734.1,2385.703195747117,91.4,0.19,11.417411112887228,0.3435912597091946
33,2013,Honduras,14.100000381469728,5113.5,3832.460990047876,92.2,0.17,13.085308399454274,0.2740213523131672
34,2013,Hungary,2.5,25343.7,5345.781129260418,99.0,0.19,1.8911069366721704,0.8291801407646947
35,2013,Iceland,2.5,50168.7,1742085.7350684914,99.0,0.48,2.345091902663252,0.0061105263157894
36,2013,Indonesia,8.300000190734863,9457.0,177.7960903382372,86.9,0.1,15.882306327199323,11.08050033504579
37,2013,Ireland,2.5,53435.6,4056.396960973916,97.3,0.46,2.423329937474894,1.9918812092725136
38,2013,Israel,2.5,36423.2,672.6711911335136,99.0,0.4,0.5422094384960298,12.13376897943494
39,2013,Italy,2.5,40268.1,2265.367886769766,99.0,0.58,1.3282302334435847,2.713382245047689
40,2013,Jamaica,10.100000381469728,9427.7,1553.1480982680998,90.1,0.2,7.078367515417794,1.9126126126126128
41,2013,Japan,2.5,39569.6,353.6631616657438,98.8,0.42,1.8158553695045905,28.98508153371529
42,2013,Kazakhstan,2.5999999046325684,23720.8,127447.7834583315,94.6,0.16,12.178935914810411,0.1169289856267981
43,2013,Latvia,2.5,24715.7,26675.46883786889,98.4,0.17,3.5178366219222963,0.1350687442713107
44,2013,Lithuania,2.5,28589.0,9106.202919435362,95.7,0.17,3.618818333910503,0.4874087591240876
45,2013,Luxembourg,2.5,113051.0,53292.39117212296,99.0,0.61,0.6784578124942402,0.3569551082520578
46,2013,Malawi,16.200000762939453,1418.1,82.62998201876132,64.6,0.08,23.841843386005948,0.8886002444987776
47,2013,Malaysia,3.200000047683716,22855.9,636.9421564221348,97.0,0.15,5.701090409680381,12.918859882791688
48,2013,Mali,4.800000190734863,1995.2,18592.870185960317,71.1,0.09,24.929199979525656,0.0089684485859081
49,2013,Malta,2.5,35325.2,2334562.964631674,99.0,0.43,0.538081024254712,0.0024566270631043
50,2013,Mauritius,5.599999904632568,18579.4,10036.178032240026,99.0,0.13,2.9711866107826785,0.3227777777777778
51,2013,Mexico,4.300000190734863,18600.4,3467.304949474514,97.2,0.25,5.6094296960391885,1.1896070483726122
52,2013,Mongolia,14.699999809265137,10371.3,35.49885609013587,79.0,0.13,11.418555803820066,425.7966764418377
53,2013,Montenegro,2.5,17381.7,3562.4307486963994,96.9,0.16,1.469005750851771,0.9640120109353292
54,2013,Morocco,4.400000095367432,6827.9,33821.11789805724,81.0,0.18,11.97513182581031,0.0496412005653235
55,2013,Namibia,26.5,9990.7,385.04485772592506,81.7,0.16,9.526412734060262,2.986046511627907
56,2013,Netherlands,2.5,51640.1,3324.7223025696776,99.0,0.41,0.94467234624228,2.940803571428572
57,2013,New Zealand,2.5,39521.1,17836.15383713115,99.0,0.65,3.2045898224617404,0.4380653406623404
58,2013,Nigeria,9.0,5329.1,2259.4135848037927,65.3,0.12,12.874158866355986,0.3146125898631761
59,2013,North Macedonia,3.5999999046325684,14108.9,329021.1915330204,97.4,0.14,5.941095293259123,0.0113765895932855
60,2013,Norway,2.5,61879.0,3637.394526189792,99.0,0.49,1.1272261224618365,2.416053258281013
61,2013,Pakistan,15.100000381469728,4580.7,51.61239522160317,89.2,0.12,11.852675509043149,15.241057322203028
62,2013,Panama,8.5,26480.6,28956.207711904244,92.3,0.28,7.131711114767065,0.094660543850171
63,2013,Paraguay,7.699999809265137,11209.1,55727.309745689614,94.3,0.22,11.19203449686365,0.0142557883131201
64,2013,Peru,5.599999904632568,11724.0,753.3421961036726,89.1,0.31,14.624696202920228,1.9198840838163176
65,2013,Philippines,13.800000190734863,6666.3,2525.2329406136964,91.2,0.1,11.97046750110689,0.3836767749266342
66,2013,Poland,2.5,25759.3,3267.725148595143,98.8,0.19,4.892769136698936,2.5873285748656665
67,2013,Portugal,2.5,30042.9,13759.15745450813,99.0,0.45,4.326390894703297,0.3343650242886885
68,2013,Romania,2.5,22197.0,1838.345226044292,99.0,0.16,12.421299989370567,2.019669827889006
69,2013,Saudi Arabia,4.599999904632568,47848.4,5508.487971106672,99.0,0.28,1.746635787805281,3.2668867123269463
70,2013,Serbia,3.200000047683716,15399.8,15590.501600423013,92.6,0.15,5.5158421023598,0.3203595828838547
71,2013,Slovenia,2.5,32234.0,839965.6830431579,99.0,0.19,3.7146166970413743,0.0087169277821056
72,2013,Solomon Islands,18.799999237060547,2594.1,1942.838539615528,70.9,0.07,26.463736306051327,0.3369369369369369
73,2013,South Africa,4.300000190734863,14066.1,231.11686891627872,91.0,0.17,1.3942337458791796,36.73968407479045
74,2013,Spain,2.5,35371.7,743.9076579446448,99.0,0.64,1.5694763982766364,7.238943629697525
75,2013,Sri Lanka,9.199999809265137,10990.1,40.26510701323309,88.7,0.11,11.231898366223923,17.643028846153847
76,2013,Suriname,7.699999809265137,20379.9,11149.562850016902,94.9,0.23,0.8403146383577413,0.4496812572720867
77,2013,Sweden,2.5,48462.2,3156.659335979479,99.0,0.53,0.9887382179443244,1.488959447708888
78,2013,Switzerland,2.5,66877.2,27513.060996369903,99.0,0.54,1.8449289395965605,0.1935723890632003
79,2013,Thailand,8.199999809265137,15767.4,7.924335858476763,98.7,0.13,22.244482431688706,532.5888888888888
80,2013,Trinidad and Tobago,6.599999904632568,30313.7,73450.10888611134,97.4,0.29,1.6229497055494984,0.4549532334305541
81,2013,Tunisia,2.900000095367432,10898.4,37913.07710827468,93.6,0.21,4.6329349292140405,0.0646920001926504
82,2013,Ukraine,2.5,13020.6,3167.9519070687597,94.0,0.13,9.015393119100787,2.071905037395359
83,2013,Uruguay,2.5,21786.2,73935.60462566634,98.9,0.35,4.430353604552498,0.0298962490023942
84,2013,Uzbekistan,2.5,5781.2,32185.945571772347,97.1,0.11,11.365857260120476,0.1136307491099324
85,2014,Afghanistan,24.200000762939453,2102.4,11360.229738546304,58.7,0.12,8.463544959839744,0.020506462674756
86,2014,Albania,4.400000095367432,11586.8,188972.5364058437,93.0,0.14,14.874320988762586,0.0102699965840979
87,2014,Algeria,2.900000095367432,11512.7,301.69032286971367,93.2,0.22,2.309647533913025,12.137461785419276
88,2014,Angola,14.199999809265137,8240.3,44545.28495413851,53.5,0.14,8.720743481850898,0.0277436842206129
89,2014,Argentina,2.5,23550.1,394.18344993333096,98.9,0.35,0.1412559101718609,11.224906289046231
90,2014,Armenia,2.900000095367432,11019.8,1285615.3492493995,99.0,0.13,13.554614522784108,0.0014967029269035
91,2014,Australia,2.5,47232.9,1150.258941756688,99.0,1.11,1.371042377349858,14.709822415444698
92,2014,Austria,2.5,52932.9,5536.374352090287,99.0,0.62,2.3090106387485845,1.3451789420718283
93,2014,Azerbaijan,2.5,14867.9,1400.540480490691,91.2,0.15,17.79711067646747,2.777360474723954
94,2014,Barbados,4.199999809265137,15043.7,426331.9582199596,98.5,0.25,1.184938119898183,0.0103845837107798
95,2014,Belgium,2.5,48748.6,4435.344625920967,99.0,0.47,0.4932438303304675,1.946313039983926
96,2014,Belize,7.800000190734863,7239.3,61041.52634945071,96.5,0.2,6.683155708245842,0.0217431617987946
97,2014,Bosnia and Herzegovina,2.5,12066.6,459.49204303372727,96.2,0.14,3.982877029016348,12.07
98,2014,Brazil,2.5999999046325684,15749.5,11575.905799017008,97.6,0.24,4.6566007382463805,0.2376905163400753
99,2014,Bulgaria,3.400000095367432,19202.8,16.561665706090054,99.0,0.16,2.883565417475428,376.8083333333333
100,2014,Burkina Faso,12.0,1907.9,32931.25281828815,50.7,0.09,9.53434061013202,0.0050265052751541
101,2014,Cambodia,9.600000381469728,3364.3,996.3678694420626,67.8,0.08,25.65790343726992,0.4267027057643041
102,2014,Cameroon,5.5,3470.8,6948.814678024115,63.6,0.11,17.681914362027022,0.0434611577798644
103,2014,Canada,2.5,47564.6,2733.823197064631,99.0,0.47,0.8555745038321192,5.851928205128205
104,2014,Chile,3.0999999046325684,24099.3,25218.07573503145,99.0,0.38,4.1841564217019815,0.1732154061543339
105,2014,Colombia,7.099999904632568,13852.2,378.5579658262226,96.0,0.22,7.361538698034828,4.988695163104612
106,2014,Costa Rica,4.300000190734863,18669.1,227.2599308919608,99.0,0.24,4.794229457875168,7.109561387410535
107,2014,Cyprus,2.799999952316284,33136.5,30512.966709103643,99.0,0.43,1.3946057309877575,0.1976678043230944
108,2014,Czechia,2.5,34386.7,15791.554874732605,99.0,0.2,1.2908663723819538,0.622391629297459
109,2014,Denmark,2.5,52048.3,4683.152904761997,99.0,0.51,1.1637126449829889,1.4153118168339285
110,2014,Dominican Republic,8.300000190734863,14499.6,2313.780510767048,95.8,0.22,4.447849531862784,0.9269132653061224
111,2014,Ecuador,8.899999618530273,12078.5,25972.565408161267,92.4,0.29,10.751812080267646,0.1042866452656223
112,2014,El Salvador,10.600000381469728,7990.4,8697.2075530204,94.4,0.2,7.881449197823585,0.1123470319634703
113,2014,Estonia,2.5,30494.1,201918.59895325665,99.0,0.18,1.8291798130023176,0.0710550079012717
114,2014,Fiji,5.199999809265137,12058.0,11241.310778385752,94.3,0.1,16.061686404361723,0.1277207392197125
115,2014,Finland,2.5,44976.8,4151.125808170417,99.0,0.52,1.8981178853080063,2.1015835207974947
116,2014,France,2.5,43021.4,49.27286154846207,99.0,0.51,1.1572018946700442,103.0306670882074
117,2014,Georgia,6.599999904632568,12254.6,71286.96432244363,95.6,0.13,19.280253561684237,0.0310569586150557
118,2014,Germany,2.5,50845.5,296.6223553465099,99.0,0.46,0.6992601924155825,32.80579470198676
119,2014,Greece,2.5,28130.0,5794.536446428805,99.0,0.48,4.4843040108545935,1.268537332688276
120,2014,Guatemala,17.700000762939453,7939.4,2382.555608350513,91.8,0.19,12.001082945566724,0.3633560018978333
121,2014,Honduras,14.600000381469728,5177.4,3770.833800918958,92.7,0.17,10.64655897737042,0.2756588688184779
122,2014,Hungary,2.5,26485.4,5368.694372080505,99.0,0.19,1.94791611741408,0.8297492401215805
123,2014,Iceland,2.5,50450.7,1734674.0030189413,99.0,0.48,2.4464990018016266,0.0060684210526315
124,2014,Indonesia,7.699999809265137,9801.2,175.04933208449654,87.7,0.11,15.640908284184164,11.172704881325572
125,2014,Ireland,2.5,57668.8,4046.37969833485,97.4,0.46,2.3353243198615385,1.971423993163124
126,2014,Israel,2.5,37204.5,684.6004744458263,99.0,0.4,0.4921815239102158,11.224102659475545
127,2014,Italy,2.5,39898.5,2178.79205331866,99.0,0.58,1.3437396229276066,2.655994529706732
128,2014,Jamaica,9.699999809265137,9438.5,1544.274238062395,90.3,0.2,7.226612157959778,1.733558558558559
129,2014,Japan,2.5,39739.5,352.5043475536198,98.9,0.42,1.7945108441198,27.970982735723773
130,2014,Latvia,2.5,25423.6,26988.65041905384,98.5,0.17,3.2826708621525613,0.1314757103574702
131,2014,Liberia,37.20000076293945,1673.1,4204.602904731451,72.0,0.08,5.43538399287259,0.0650300054555373
132,2014,Lithuania,2.5,29855.8,9220.938395381723,96.1,0.17,4.068722240432267,0.4783576642335766
133,2014,Luxembourg,2.5,113314.0,53243.21204951381,99.0,0.61,0.6182012291889085,0.3331526893374881
134,2014,Mali,4.900000095367432,2075.4,77.35228542078013,72.8,0.09,22.567740382605344,2.3658294526299715
135,2014,Malta,2.5,37270.1,43515.655872986354,99.0,0.43,0.5730026267463214,0.1307692307692307
136,2014,Mauritius,5.300000190734863,19240.2,239253.00095200143,99.0,0.14,3.096271446875216,0.0139815507354774
137,2014,Mexico,4.400000095367432,18887.6,8204.717863990923,97.6,0.25,5.608857067214344,0.4872291084376393
138,2014,Mongolia,11.5,10967.1,4288.953716373293,79.9,0.13,10.568308475428308,2.346233148295004
139,2014,Montenegro,2.5,17674.6,657480.2521343653,97.1,0.16,1.9586691135402536,0.0051139535448168
140,2014,Morocco,4.099999904632568,6911.8,2.991896435344036,82.4,0.19,11.582447072971856,558.8954056695992
141,2014,Namibia,23.600000381469727,10413.3,1013.0965336017094,82.1,0.16,9.08954151135775,1.5969086488364015
142,2014,Netherlands,2.5,52187.0,67297.2495870657,99.0,0.41,1.030278612105075,0.1386877430024102
143,2014,New Zealand,2.5,40353.1,188.28590207118876,99.0,0.65,3.126421722763459,41.31511627906977
144,2014,Nicaragua,18.700000762939453,5443.3,63178.70837317716,81.3,0.16,13.4961728767679,0.0122548893297946
145,2014,North Macedonia,3.5,14596.6,24376.979275957998,97.4,0.15,5.881999056685501,0.1472852912142152
146,2014,Norway,2.5,62390.1,3576.436783062108,99.0,0.49,1.1457199146913553,2.451090207166549
147,2014,Pakistan,13.899999618530272,4695.6,50.524050054056985,89.3,0.12,11.750779068604324,15.83394138392314
148,2014,Panama,8.300000190734863,27352.5,28492.986075706347,92.5,0.28,6.822629623734175,0.0976520331054336
149,2014,Paraguay,7.400000095367432,11643.7,54931.23443448346,95.6,0.22,10.630493956836888,0.0150557210636654
150,2014,Peru,5.400000095367432,11877.1,742.0978378067243,89.7,0.3,14.75542409379319,2.213793103448276
151,2014,Philippines,13.800000190734863,6973.6,2470.480875615631,91.6,0.1,11.528801646081233,0.4074811188011395
152,2014,Poland,2.5,26649.6,3281.08209656998,99.0,0.19,4.776662743089644,2.4826372219555126
153,2014,Portugal,2.5,30444.6,13844.97012158694,99.0,0.45,3.734772836521848,0.3325152523571825
154,2014,Romania,2.5,23084.4,1828.655004150544,99.0,0.16,12.187366614613508,2.063222594626461
155,2014,Rwanda,35.099998474121094,1780.1,15097.167182337122,56.3,0.09,33.88565243387342,0.0049422881778315
156,2014,Samoa,4.199999809265137,5785.1,719488.0865674748,91.1,0.1,0.9629591093538654,0.0014605929139551
157,2014,Saudi Arabia,4.300000190734863,48209.1,585.2842052121895,99.0,0.28,1.688898302025669,33.66709035645206
158,2014,Serbia,3.700000047683716,15226.3,195066.0374517154,93.0,0.15,5.7104942930569536,0.0214252834360649
159,2014,Sierra Leone,25.0,1987.1,5627.638445392312,56.7,0.09,13.261631889742178,0.0281083818688275
160,2014,Slovenia,2.5,33093.8,5958.438452847127,99.0,0.19,4.2436522001578725,1.0991151879210974
161,2014,South Africa,4.800000190734863,14040.8,642.8549742351998,91.4,0.17,1.3046707234633852,13.707164042892996
162,2014,Spain,2.5,35968.6,131.4380689489341,99.0,0.64,1.573197220124604,41.48526445904626
163,2014,Sri Lanka,8.100000381469727,11428.1,1460.4556593564753,89.4,0.12,10.69392556812147,0.5826940749060462
164,2014,Sweden,2.5,49259.0,3941.339252633346,99.0,0.54,0.966969410358108,1.1344502617801049
165,2014,Switzerland,2.5,67682.7,27309.275904481143,99.0,0.54,1.8868869533681625,0.1750602409638554
166,2014,Thailand,7.699999809265137,15854.1,7.890266613862275,99.0,0.13,18.604548779615385,523.4222222222222
167,2014,Togo,20.39999961853028,1863.3,13674.704542464784,62.4,0.09,7.989131965171742,0.015797561725233
168,2014,Trinidad and Tobago,6.5,29864.0,304704.3426112628,97.8,0.3,1.6788797485497349,0.1116426971164269
169,2014,Tunisia,2.700000047683716,11123.2,13084.014156850712,94.2,0.21,4.561973281678575,0.1927033319286222
170,2014,Ukraine,2.5,12385.8,5661.966878003611,93.6,0.13,5.9184423175874405,1.008178686085663
171,2014,Uruguay,2.5,22419.0,198.5037814235162,99.0,0.36,4.445014305505848,9.90222222222222
172,2014,Uzbekistan,2.5,6075.2,31663.627309894167,97.4,0.11,11.598153892308106,0.1089390809727945
173,2015,Albania,4.699999809265137,11878.5,4093.988865819229,93.4,0.14,15.41353747624998,0.3828663884867581
174,2015,Armenia,2.799999952316284,11321.3,1307.1552616405104,99.0,0.13,12.9531826225347,0.3261764179638576
175,2015,Australia,2.5,47569.3,691.1016947406122,99.0,1.11,1.3007417779790476,0.1158451563976686
176,2015,Austria,2.5,52873.9,391665.7311405363,99.0,0.62,2.1657588659640936,2.440802663282385
177,2015,Azerbaijan,2.5,14852.6,2742.5624029315404,92.4,0.15,17.64985673001071,0.7754832487735335
178,2015,Barbados,4.300000190734863,15388.6,302.132298219935,98.5,0.25,1.2967577551370884,0.0949548192771084
179,2015,Belarus,2.5,18362.7,47264.15160358015,96.5,0.14,4.617866513888983,1.1580039505975777
180,2015,Belgium,2.5,49456.4,10059.89219574157,99.0,0.47,0.4744093492421241,4.644117647058824
181,2015,Belize,7.699999809265137,7292.8,4422.07153574819,97.2,0.2,6.877864160520439,0.0074759161204543
182,2015,Bosnia and Herzegovina,2.5,12630.7,59962.16059218402,96.2,0.14,4.282166770378863,10.858823529411763
183,2015,Brazil,2.5,15064.2,25197.98373605358,97.8,0.24,4.5534649870476,0.2248373458512679
184,2015,Bulgaria,3.400000095367432,19988.2,8.245900274198497,99.0,0.16,2.887049099974319,438.8727272727273
185,2015,Cambodia,8.899999618530273,3541.4,330202.34487163497,68.4,0.08,23.600395195418464,0.0147055272915409
186,2015,Canada,2.5,47522.1,6.342646240808713,99.0,0.47,0.8186629970887122,37.72785064468915
187,2015,Chile,3.0,24329.6,15955.280139537925,99.0,0.38,4.189382190435762,0.5183655369021223
188,2015,Colombia,6.5,14095.7,832.5372649413436,96.3,0.22,7.366478939227032,0.2054904712215025
189,2015,Costa Rica,4.099999904632568,19141.7,3267.625182231266,99.0,0.24,5.214751830983301,0.4166526019690577
190,2015,Cyprus,2.5,34453.1,91283.7984575869,99.0,0.43,1.2326580745520836,5.502052415535206
191,2015,Czechia,2.5,36168.4,15189.853946670151,99.0,0.2,1.3912043609375753,3.001287922152261
192,2015,Denmark,2.5,52892.6,103.014746957962,99.0,0.51,1.1829075033904963,0.2104118104118104
193,2015,Dominican Republic,7.400000095367432,15328.4,6107.1418191088405,96.1,0.23,3.887265450425149,0.8920235741765344
194,2015,Ecuador,9.0,11896.4,16021.753962256022,93.1,0.29,11.552920419180284,1.6780156442980652
195,2015,El Salvador,10.600000381469728,8143.3,1591.826871621476,95.6,0.2,7.6364230818667345,0.115304888581793
196,2015,Estonia,2.5,31038.8,3821.503532727504,99.0,0.18,1.897166490538496,0.0596730193968355
197,2015,Finland,2.5,45072.6,41898.75177268332,99.0,0.52,1.8711112019277785,4.443705941591138
198,2015,France,2.5,43345.8,235779.54638893928,99.0,0.51,1.0994256979902128,14.51174452362101
199,2015,Georgia,8.100000381469727,12605.1,11496.94064460813,95.8,0.13,18.898309717756163,0.0339298706090806
200,2015,Germany,2.5,51159.3,4138.083574372912,99.0,0.46,0.685321810387065,32.90227864852571
201,2015,Ghana,7.699999809265137,4786.0,48.695182507812106,80.2,0.11,11.169295898008432,0.1267944315574454
202,2015,Greece,2.5,28260.4,71518.6864160169,99.0,0.48,4.368803845723399,1.2092434263590903
203,2015,Guatemala,17.299999237060547,8125.7,291.26292968946944,92.1,0.19,12.239521179147111,0.4103215767634854
204,2015,Honduras,14.5,5283.4,5780.399640778684,93.3,0.17,10.953412874754305,0.2902576251110453
205,2015,Hungary,2.5,27531.6,2325.2619326761896,99.0,0.19,2.1066739620113677,0.8855433130699089
206,2015,Iceland,2.5,52142.9,3695.4763529423694,99.0,0.48,2.3504331737509725,0.0061710296684118
207,2015,Indonesia,7.0,10149.6,5415.786165650054,88.5,0.11,15.069307821380123,12.448645598194132
208,2015,Ireland,2.5,71508.7,1812112.2546348835,97.4,0.46,2.3526035912492853,2.066666666666667
209,2015,Israel,2.5,37306.1,170.55595936056372,99.0,0.4,0.455323910671886,11.79528001498408
210,2015,Italy,2.5,40247.8,3986.549654051821,99.0,0.58,1.391318977786306,2.791054461181924
211,2015,Jamaica,9.600000381469728,9473.1,680.7264633892482,90.4,0.2,6.98973789217938,1.8006756756756757
212,2015,Japan,2.5,40402.6,2111.993412532317,98.9,0.42,1.7814567603252451,27.21076512455516
213,2015,Kazakhstan,2.5,24290.4,1527.7461408926029,95.0,0.17,8.840104233949333,0.1334423380777833
214,2015,Kiribati,3.200000047683716,2144.7,349.944096606674,73.8,0.07,6.131960658811651,0.0009853099247581
215,2015,Latvia,2.5,26628.5,14162.738048483874,98.5,0.17,3.559638079267148,21.358823529411765
216,2015,Lithuania,2.5,30748.2,759.7764231245552,96.6,0.18,4.12927303784067,0.4860948905109489
217,2015,Luxembourg,2.5,113183.0,9517.036360270007,99.0,0.62,0.4331784712946478,0.3109883895006487
218,2015,Madagascar,40.20000076293945,1546.8,50993.84393352967,48.9,0.09,33.97153512739085,2.4613392244991235
219,2015,Malaysia,3.799999952316284,24787.8,42.5786155241389,97.1,0.15,5.79400114248096,12.30267975590342
220,2015,Mali,5.0,2139.7,1074.840994780648,74.4,0.09,20.794399972658624,0.007998532827974
221,2015,Malta,2.5,39887.7,2254946.6978828204,99.0,0.44,0.6711889269972483,0.0017642886096473
222,2015,Mauritius,5.599999904632568,19897.5,10024.804456877491,99.0,0.14,3.218609289558913,0.3335974643423137
223,2015,Mexico,5.0,19268.9,3340.620249258709,98.0,0.25,5.534254029321019,1.1698138394699158
224,2015,Mongolia,8.399999618530273,11009.7,33.96199005482996,80.8,0.13,10.924372830741923,227.20430107526883
225,2015,Montenegro,2.5,18263.6,4076.3880364308247,97.4,0.16,2.729852286520447,0.0175621618759287
226,2015,Mozambique,29.700000762939453,1262.6,481588.93557541753,51.2,0.08,26.195164840236316,2.7242869490060504
227,2015,Myanmar,8.899999618530273,3663.1,50.64398538485248,73.6,0.09,21.29226432043721,0.0194511193081457
228,2015,Netherlands,2.5,52974.1,18395.605315430654,99.0,0.41,1.0507605989954714,0.4034596294658213
229,2015,New Zealand,2.5,41020.3,186519.6424743818,99.0,0.65,3.105410370336981,41.94302325581395
230,2015,North Macedonia,3.299999952316284,15139.3,3456.5173920909547,97.5,0.15,5.983788086094833,0.0819606136310862
231,2015,Norway,2.5,62987.5,48.30596819664712,99.0,0.49,1.018533885838894,2.471072589382449
232,2015,Pakistan,12.800000190734863,4816.1,26291.32542314692,89.5,0.12,11.367242924427067,17.16499497986877
233,2015,Panama,8.100000381469727,28431.0,54285.42679582017,92.9,0.29,6.40959155749416,0.1015496639283047
234,2015,Paraguay,7.400000095367432,11828.1,715.578291378824,96.8,0.22,9.58242397005358,0.0167145461576708
235,2015,Peru,5.900000095367432,12110.3,2357.910497911827,90.3,0.3,14.943408984711825,2.207242465137202
236,2015,Philippines,13.300000190734863,7300.1,3305.14814465788,92.0,0.1,11.189091126318637,0.4540933350459049
237,2015,Poland,2.5,27797.1,13920.821574464871,99.0,0.19,4.862550098495886,2.501947792767622
238,2015,Portugal,2.5,31118.8,1828.1363973433397,99.0,0.45,3.30353558802918,0.3638577691183633
239,2015,Romania,2.5,23878.2,5157.94192503114,99.0,0.16,10.96017592210701,2.098560506543401
240,2015,Saudi Arabia,3.700000047683716,48921.2,9017.899339674475,99.0,0.29,2.2085161598851064,3.984369003916605
241,2015,Senegal,9.800000190734863,2966.5,196100.8872524089,78.6,0.1,7.781513123823178,0.0710419974022225
242,2015,Serbia,4.099999904632568,15578.2,42801.9409846182,93.4,0.15,5.628281526053882,0.0251939390798044
243,2015,Slovenia,2.5,33799.7,216.0026336629492,99.0,0.19,3.096901842845617,0.1535331905781584
244,2015,South Africa,5.199999809265137,14010.1,741.0880940166314,91.9,0.17,1.6117756629212443,36.84153720359771
245,2015,Spain,2.5,37377.1,41.38683379209291,99.0,0.64,1.5785917166974677,7.805056018385522
246,2015,Sri Lanka,6.800000190734863,11890.5,10931.11316856765,90.1,0.12,10.735337782279188,22.79310344827586
247,2015,Suriname,7.699999809265137,19317.1,3071.288205178465,95.7,0.23,0.5726692611457678,0.4382877256727603
248,2015,Sweden,2.5,50929.0,1458.248681520039,99.0,0.54,1.002299141552096,1.4398269684811862
249,2015,Switzerland,2.5,68025.9,3278.174554661219,99.0,0.54,1.8307113306073743,1.0139005235602094
250,2015,Thailand,7.300000190734863,16285.4,391.9965910814968,99.0,0.13,17.85927112456245,1.2691603731674812
251,2015,Togo,20.89999961853028,1920.5,8583.731232874337,63.6,0.09,4.303400634862372,3.455555555555556
252,2015,Trinidad and Tobago,6.800000190734863,30219.3,9284.624750870582,98.1,0.3,1.5527623962660144,0.4588366890380313
253,2015,Tunisia,2.5,11113.6,15239.117720109283,94.8,0.21,4.467738722647353,0.070521345282837
254,2015,Ukraine,2.5,11216.1,74604.74005290089,93.7,0.13,5.584836669795374,1.5470568719068816
255,2015,Uruguay,2.5,22425.8,30641.10227438329,99.0,0.37,4.262644954752517,0.0263229998434319
256,2015,Uzbekistan,2.5,6401.1,,97.5,0.12,11.644848700705564,0.1052635949388111
257,2016,Albania,4.300000190734863,12291.9,4093.988865819229,93.8,0.14,15.96219131819374,0.3801303207243801
258,2016,Armenia,2.799999952316284,11303.1,1307.1552616405104,99.0,0.13,11.513558415161093,1.3556539864512769
259,2016,Australia,2.5,48116.0,691.1016947406122,99.0,1.11,1.2949913674111424,24.8058802480916
260,2016,Austria,2.5,53345.7,391665.7311405363,99.0,0.61,2.09782303259998,0.0196189747870707
261,2016,Azerbaijan,2.5,14232.2,2742.5624029315404,93.2,0.15,17.76492108034467,1.3877393574191903
262,2016,Bangladesh,13.300000190734863,4641.6,302.132298219935,97.2,0.11,16.077164753546132,1.6022836790278652
263,2016,Barbados,4.300000190734863,15752.4,47264.15160358015,98.5,0.25,1.3313599115459172,0.0949807521468759
264,2016,Belarus,2.5,17883.1,10059.89219574157,96.5,0.14,5.00534744185623,0.6298640000589336
265,2016,Belgium,2.5,49829.9,4422.07153574819,99.0,0.47,0.5054689337805136,1.9890858394742084
266,2016,Belize,7.199999809265137,7132.1,59962.16059218402,97.6,0.2,7.257077245052239,0.0282028066998641
267,2016,Bosnia and Herzegovina,2.5,13194.3,25197.98373605358,96.2,0.14,4.248134300259608,0.2547142170707983
268,2016,Brazil,2.5,14451.2,8.245900274198497,98.0,0.24,4.38007137418452,289.8517647058824
269,2016,Bulgaria,3.5999999046325684,20740.8,330202.34487163497,99.0,0.16,2.848734358806859,0.0192675273862101
270,2016,Cambodia,8.5,3728.1,6.342646240808713,69.1,0.08,21.322004098618,105.33
271,2016,Canada,2.5,47457.6,15955.280139537925,99.0,0.47,0.7949687408439231,0.9639397071490096
272,2016,Chile,3.0999999046325684,24430.2,832.5372649413436,99.0,0.39,4.22488856104254,5.566853396013426
273,2016,Colombia,6.800000190734863,14194.5,3267.625182231266,96.6,0.23,7.314597797598458,0.5923210814519305
274,2016,Costa Rica,3.5999999046325684,19736.7,91283.7984575869,99.0,0.24,4.963876737582399,0.0177157167452988
275,2016,Cyprus,2.5,36509.1,15189.853946670151,99.0,0.44,1.1304156849876388,0.4147960618846695
276,2016,Czechia,2.5,37015.0,103.014746957962,99.0,0.2,1.4038972892402466,97.5271962702258
277,2016,Denmark,2.5,54185.0,6107.1418191088405,99.0,0.52,1.1177925483765123,1.0610951834862383
278,2016,Dominican Republic,6.800000190734863,16166.6,16021.753962256022,96.4,0.23,3.6595074813387294,0.1479380515036917
279,2016,Ecuador,9.699999809265137,11551.6,1591.826871621476,93.8,0.3,12.223745938343162,1.5048569578301778
280,2016,El Salvador,9.899999618530272,8309.9,3821.503532727504,96.6,0.2,8.013908447851266,0.2736105393165912
281,2016,Estonia,2.5,32008.9,41898.75177268332,99.0,0.18,1.9017749240983908,0.3184735315445975
282,2016,Eswatini,13.0,8321.0,235779.54638893928,67.6,0.16,3.38188536024431,0.0040166452826309
283,2016,Fiji,6.300000190734863,12820.8,11496.94064460813,94.3,0.11,7.1568742076510246,0.1256231306081754
284,2016,Finland,2.5,46206.8,4138.083574372912,99.0,0.52,1.715112863273717,2.076
285,2016,France,2.5,43705.1,48.695182507812106,99.0,0.51,1.1620906596980236,105.93172435693872
286,2016,Georgia,8.300000190734863,12963.7,71518.6864160169,96.4,0.13,18.677276334922773,0.0350511617774776
287,2016,Germany,2.5,51879.7,291.26292968946944,99.0,0.46,0.6568173726438848,33.44557226399332
288,2016,Greece,2.5,28239.9,5780.399640778684,99.0,0.48,4.2817914679379525,1.163184485006519
289,2016,Guatemala,16.399999618530273,8206.0,2325.2619326761896,92.5,0.19,11.469903235093026,0.4386151452282158
290,2016,Honduras,13.800000190734863,5395.6,3695.4763529423694,93.8,0.17,10.366922185953005,0.2712492702860479
291,2016,Hungary,2.5,28218.3,5415.786165650054,99.0,0.19,2.246905301667082,0.8911775842483908
292,2016,Iceland,2.5,54665.8,1812112.2546348835,99.0,0.49,2.2287174640060923,0.0057923588039867
293,2016,Indonesia,6.800000190734863,10531.1,170.55595936056372,89.3,0.11,14.54176396627352,12.57220354180677
294,2016,Ireland,2.5,72150.0,3986.549654051821,97.4,0.48,2.3923770015269,2.14508547008547
295,2016,Israel,2.5,38214.5,680.7264633892482,99.0,0.41,0.4579611946453464,11.090398550724638
296,2016,Italy,2.5,40837.7,2111.993412532317,99.0,0.58,1.4572292980631971,2.79473150171714
297,2016,Jamaica,9.300000190734863,9553.1,1527.7461408926029,90.6,0.2,6.721738932958783,1.8385135135135136
298,2016,Japan,2.5,40728.0,349.944096606674,99.0,0.42,1.7375886702456194,26.922791321851932
299,2016,Kuwait,2.5,54709.0,14162.738048483874,99.0,0.37,0.0661635407047301,1.799768022840828
300,2016,Latvia,2.5,27509.2,759.7764231245552,98.6,0.17,3.478053858018048,4.806666666666667
301,2016,Lithuania,2.5,31925.8,9517.036360270007,97.1,0.18,3.757533599464277,0.4854909090909091
302,2016,Luxembourg,2.5,116284.0,50993.84393352967,99.0,0.62,0.4105195195298878,0.3078303260096821
303,2016,Malaysia,3.5,25541.8,42.5786155241389,97.1,0.15,5.246596898019244,191.77886124101616
304,2016,Mali,5.300000190734863,2198.6,1074.840994780648,76.0,0.09,19.716981174084832,0.1723977213878819
305,2016,Malta,2.5,40303.5,2254946.6978828204,99.0,0.44,0.5574422321537083,0.0014287457544387
306,2016,Mauritius,5.699999809265137,20646.9,10024.804456877491,99.0,0.14,3.0709978048451902,0.3435573122529644
307,2016,Mexico,5.800000190734863,19539.3,3340.620249258709,98.5,0.25,5.440746683801363,1.1718113638018497
308,2016,Mongolia,7.400000095367432,10962.0,33.96199005482996,81.7,0.14,11.402067427964916,243.99807321772644
309,2016,Montenegro,2.5,18797.9,4076.3880364308247,97.6,0.16,2.7675438526569858,0.7880328509972625
310,2016,Namibia,20.200000762939453,10471.3,481588.93557541753,82.9,0.16,5.632804137666643,0.0035672523940701
311,2016,Netherlands,2.5,53847.8,50.64398538485248,99.0,0.42,1.0312646521588529,191.77325581395348
312,2016,New Zealand,2.5,41620.3,18395.605315430654,99.0,0.66,3.5145028239432614,0.4002450122506125
313,2016,North Macedonia,3.0,15553.4,186519.6424743818,97.5,0.15,5.680702978643237,0.0180030919866013
314,2016,Norway,2.5,63104.1,3456.5173920909547,99.0,0.5,1.0465153924527943,2.46831955922865
315,2016,Pakistan,12.399999618530272,4977.3,48.30596819664712,89.6,0.12,12.27538724880097,21.0457667834752
316,2016,Panama,7.800000190734863,29332.4,26291.32542314692,93.2,0.29,6.738099608305324,0.0994441303938194
317,2016,Paraguay,7.699999809265137,12170.8,54285.42679582017,98.1,0.22,9.81909087180383,0.0195222047072892
318,2016,Peru,6.900000095367432,12403.7,715.578291378824,90.9,0.3,15.05612293796722,2.382286488929056
319,2016,Philippines,12.100000381469728,7705.1,2357.910497911827,92.4,0.1,10.672670008597793,0.5000900053184961
320,2016,Poland,2.5,28682.7,3305.14814465788,99.0,0.2,4.495488456988587,2.583163427843262
321,2016,Portugal,2.5,31847.5,13920.821574464871,99.0,0.46,3.0833641630365096,0.3510365938500069
322,2016,Romania,2.5,25145.0,1828.1363973433397,99.0,0.17,9.86007472110922,2.048946817241084
323,2016,Saudi Arabia,3.700000047683716,48625.8,5157.94192503114,99.0,0.29,1.790324726314506,3.818875663762823
324,2016,Senegal,8.899999618530273,3068.1,9017.899339674475,79.9,0.1,9.025015750143696,0.0740773611419273
325,2016,Serbia,4.199999809265137,16182.8,196100.8872524089,93.8,0.15,5.7163103121167325,0.02593721022652
326,2016,Slovenia,2.5,34853.0,42801.9409846182,99.0,0.2,2.198818342449276,0.1624802883532327
327,2016,South Africa,5.400000095367432,13897.1,216.0026336629492,92.3,0.17,1.5813310672597436,38.28094885100074
328,2016,Spain,2.5,38477.6,741.0880940166314,99.0,0.64,1.661023732574244,7.545081018518518
329,2016,Sri Lanka,6.300000190734863,12287.5,41.38683379209291,90.8,0.12,10.246209798518429,26.467816091954024
330,2016,Suriname,8.199999809265137,18180.6,10931.11316856765,96.2,0.24,2.5313206451601484,0.3685949342488825
331,2016,Sweden,2.5,51334.4,3071.288205178465,99.0,0.55,0.9351562824858838,1.4320802934205472
332,2016,Switzerland,2.5,68663.2,1458.248681520039,99.0,0.54,1.7995170595405805,3.207283142389525
333,2016,Thailand,7.5,16782.1,3278.174554661219,99.0,0.13,17.03116072375135,1.2535824856258293
334,2016,Trinidad and Tobago,6.800000190734863,28161.6,391.9965910814968,98.5,0.3,1.4409504320310578,74.17037037037038
335,2016,Tunisia,2.5,11114.5,8583.731232874337,95.4,0.21,4.444785721653561,0.2989590848191281
336,2016,Ukraine,2.5,11536.3,9284.624750870582,93.7,0.13,5.6785717704288805,0.5636661447669516
337,2016,United Arab Emirates,2.900000095367432,66510.9,15239.117720109283,99.0,0.31,0.1075422164892011,1.5048193869038855
338,2016,Uruguay,2.5,22724.0,74604.74005290089,99.0,0.37,3.951007829997556,0.025522886434899
339,2016,Uzbekistan,2.5,6663.9,30641.10227438329,97.7,0.12,11.598271521366142,0.1122772236119616
340,2017,Afghanistan,23.0,2058.4,10444.64602100038,66.8,0.12,7.54966620663571,0.0180954893168029
341,2017,Albania,4.099999904632568,12771.0,4071.4708465419326,94.1,0.14,15.73344003073329,0.4515103284477906
342,2017,Algeria,2.700000047683716,11737.4,92.72955808542794,93.8,0.22,2.6627058243440267,40.36894215737363
343,2017,Armenia,3.0999999046325684,12115.1,5691.749052309011,99.0,0.13,10.76854742394107,0.3303502177674363
344,2017,Australia,2.5,48398.5,151247.8126568562,99.0,1.11,1.295090182398589,0.1115410784833139
345,2017,Austria,2.5,54173.0,3009.8066849268844,99.0,0.61,1.898297736187999,2.621806510913049
346,2017,Azerbaijan,2.5,14121.4,4852.56136014324,93.9,0.15,17.804040012529814,0.7688121402407117
347,2017,Bangladesh,12.5,4894.6,83.10088464930901,97.4,0.12,15.463252300347714,6.099773926149209
348,2017,Barbados,4.300000190734863,15800.4,333346.0271321215,98.5,0.25,1.4083129242669328,0.012262441399679
349,2017,Belarus,2.5,18356.1,5322.112163795327,96.5,0.14,5.545609298733693,1.1952631662663635
350,2017,Belgium,2.5,50442.3,1951.005591014586,99.0,0.48,0.4725671800928777,4.4635547576301615
351,2017,Belize,6.699999809265137,7140.9,226039.5183287872,98.0,0.2,6.858625507284945,0.0072521780080056
352,2017,Bosnia and Herzegovina,2.5,13753.8,513.1978371694871,96.1,0.14,4.592643249330008,12.685465116279069
353,2017,Brazil,2.5,14524.6,11397.499956503712,98.5,0.24,4.067539555062991,0.2113985813830375
354,2017,Bulgaria,3.0999999046325684,21469.9,14.079644607242685,99.0,0.16,3.111024192771736,475.82
355,2017,Cambodia,7.699999809265137,3928.4,36243.67739154459,69.7,0.08,21.72136479957135,0.0221890941679305
356,2017,Canada,2.5,48317.2,411.901169353618,99.0,0.47,0.7613860665911505,37.631221170668326
357,2017,Chile,3.0,24411.5,8530.930184864072,99.0,0.39,4.145679073303954,0.5333883353430222
358,2017,Colombia,7.099999904632568,14171.3,10120.457550426863,96.9,0.23,7.516533890396379,0.174338875532839
359,2017,Costa Rica,3.0999999046325684,20347.0,3594.982176605646,99.0,0.25,5.178693543678681,0.4670974992975555
360,2017,Cyprus,2.5,38288.0,1029.2578103476776,99.0,0.44,0.8134374854304327,6.195849118761323
361,2017,Czechia,2.5,38824.9,3308.889588904535,99.0,0.2,1.3751767685690637,3.0563192274921898
362,2017,Denmark,2.5,55356.7,29110.59601620787,99.0,0.52,1.0169955150457664,0.2082039911308204
363,2017,Djibouti,16.399999618530273,4905.0,18027.75129753204,75.9,0.11,0.1066624298273487,0.0236780258519388
364,2017,Dominican Republic,6.400000095367432,16735.4,2502.874743736654,96.5,0.23,3.992452852443011,0.9127427507315776
365,2017,Ecuador,10.699999809265137,11617.9,1447.0947175621418,94.3,0.3,12.813466690846472,1.6169617126389462
366,2017,El Salvador,9.100000381469728,8454.1,64706.22799432196,97.2,0.21,8.002286743338107,0.0145542022684969
367,2017,Estonia,2.5,33821.9,42368.09614147154,99.0,0.19,1.752932607441778,0.3361001788908766
368,2017,Finland,2.5,47570.1,47711.40471011573,99.0,0.52,1.6853698135418913,0.1698083286398867
369,2017,France,2.5,44577.1,151.4438552288042,99.0,0.51,1.0639886992656915,34.317311608961305
370,2017,Georgia,8.300000190734863,13589.7,5662.651173453492,97.0,0.13,18.35799081153774,0.4484581497797356
371,2017,Germany,2.5,53071.5,3471.8184990932805,99.0,0.46,0.6435679235438456,2.7385069340014616
372,2017,Ghana,7.099999904632568,5115.9,818.9148732357686,82.4,0.12,9.34684121649928,0.5761489433076149
373,2017,Greece,2.5,28604.9,11938.143606161497,99.0,0.48,4.28933428790848,0.5932416967560524
374,2017,Guatemala,16.299999237060547,8322.2,3578.8050093828087,92.9,0.19,12.565017820301035,0.2856510027982301
375,2017,Honduras,13.199999809265137,5562.0,4089.504143380391,94.2,0.17,12.43854077668338,0.2296939834024896
376,2017,Hungary,2.5,29501.1,3586.910428577213,99.0,0.19,2.2887469061612844,1.4169627507163325
377,2017,Iceland,2.5,55638.5,158584.90707097895,99.0,0.49,2.1731784267109253,0.0679803884593626
378,2017,Indonesia,6.400000095367432,10935.6,2354.0438407451784,90.1,0.11,14.284548869375794,0.9232359550561798
379,2017,Ireland,2.5,77749.2,9444.002994983884,97.4,0.49,2.321911959339244,0.8717531744263757
380,2017,Israel,2.5,39121.3,2270.7842260070784,99.0,0.41,0.4534654205172147,3.1449252136752137
381,2017,Italy,2.5,41581.1,106.14154773099698,99.0,0.59,1.4359154912863723,54.79037267080746
382,2017,Jamaica,8.800000190734863,9600.1,43913.85652385883,90.7,0.2,6.898681478803416,0.0607956764746927
383,2017,Japan,2.5,41444.2,34.82278434073975,99.0,0.42,1.733296247590875,267.5952702702703
384,2017,Jordan,7.699999809265137,10003.6,1029.037875133867,99.0,0.2,0.7077982063880055,2.5383316782522343
385,2017,Kazakhstan,2.5999999046325684,24863.0,2457.961338989373,95.4,0.17,7.295344298215534,6.928645364536454
386,2017,Kuwait,2.5,50855.6,533057.847164593,99.0,0.37,1.427010464726972,0.0440050746090557
387,2017,Latvia,2.5,28673.6,28968.31884831969,98.6,0.18,3.14792140011491,0.1276539278131634
388,2017,Lithuania,2.5,33761.9,532.0833241079785,97.5,0.18,3.706237991663091,8.964332892998678
389,2017,Luxembourg,2.5,114986.0,46631.77421044273,99.0,0.62,0.5313271860439186,0.3355191652778784
390,2017,Malaysia,3.400000095367432,26661.5,943.6851475666632,97.1,0.16,5.256448118664172,8.536129186113856
391,2017,Mali,6.300000190734863,2246.8,70.84861360718178,77.7,0.09,20.499280753526143,2.6944601168056845
392,2017,Malta,2.5,43559.3,44138.97039514997,99.0,0.45,0.5025860002055099,0.0806518365235385
393,2017,Mauritania,8.600000381469727,5108.5,226372.78165368465,70.7,0.12,5.688087233355952,0.0036814308996761
394,2017,Mauritius,5.900000095367432,21415.1,10011.886149196083,99.0,0.14,2.991703420411436,0.3582938388625592
395,2017,Mexico,6.099999904632568,19721.3,3301.9620359237056,98.9,0.26,5.4587392671207065,1.1161112594354503
396,2017,Mongolia,6.300000190734863,11366.3,33.3356028091829,82.7,0.14,11.446604585797106,330.1059730250482
397,2017,Montenegro,2.5,19682.3,208004.6146761361,97.9,0.16,2.899151160919302,0.0161104982533553
398,2017,Myanmar,8.100000381469727,4224.5,48.01197095978234,77.6,0.09,20.804227676025786,9.663675380413578
399,2017,Nepal,4.199999809265137,3565.2,41062.67715888019,88.7,0.11,5.51281269042216,0.0102655225708859
400,2017,Netherlands,2.5,55088.6,23300.74522904889,99.0,0.42,1.0341897796084727,0.4099997478631401
401,2017,New Zealand,2.5,42218.5,182.8997651864759,99.0,0.67,3.471905426359557,41.69186046511628
402,2017,North Macedonia,2.700000047683716,15706.4,41167.22606575613,97.6,0.15,5.573401678005145,0.0875510442188776
403,2017,Norway,2.5,64050.8,3434.4575596205973,99.0,0.51,1.0273351856872803,2.439362286970863
404,2017,Panama,7.5,30446.8,2398.75483470684,93.6,0.29,6.3025535433738105,1.138144698267811
405,2017,Paraguay,7.800000190734863,12590.5,6001.114305427448,99.0,0.22,9.461213229886802,0.1958990536277602
406,2017,Peru,7.599999904632568,12506.5,3385.033432770545,91.4,0.31,14.50962905897915,0.504716272078166
407,2017,Philippines,10.899999618530272,8120.9,209.46456559350068,92.9,0.11,9.75618914070276,6.123558783477076
408,2017,Poland,2.5,30064.5,6460.093879890315,99.0,0.2,4.4059527455620575,1.3772800087184542
409,2017,Portugal,2.5,33044.7,12232.07170472508,99.0,0.46,2.9589852852599794,0.4388637266587207
410,2017,Romania,2.5,27141.9,7358.311294524475,99.0,0.17,10.048226398682075,0.5338334946757018
411,2017,Rwanda,34.5,1975.2,3066.025427010857,58.7,0.09,10.4959953125626,0.0285839292764988
412,2017,Samoa,4.699999809265137,6486.1,856025.3483348519,91.7,0.1,4.615628743128001,0.0014650358724497
413,2017,Serbia,4.0,16611.0,15151.269765424866,94.1,0.15,5.449213403562077,0.3403049783226192
414,2017,Slovenia,2.5,36507.6,8725.218467584444,99.0,0.2,2.5541864625950264,0.805431362808412
415,2017,South Africa,5.5,13860.3,211.40242813194487,92.7,0.17,1.5156985773241043,38.51634583471623
416,2017,Spain,2.5,39528.9,737.0181899004756,99.0,0.65,1.7566564876122637,7.988423502036067
417,2017,Sri Lanka,5.900000095367432,12584.1,291.10146957397063,91.5,0.12,10.129601304958513,3.7444719042663897
418,2017,Sweden,2.5,51948.0,3040.2846269445563,99.0,0.55,0.9236342232805091,1.414439275147192
419,2017,Switzerland,2.5,69103.6,4517.610817762063,99.0,0.54,1.6638762732832872,0.9995549738219895
420,2017,Thailand,7.699999809265137,17423.0,3281.3260730152992,99.0,0.14,17.025429800254948,1.2591809775429326
421,2017,Togo,21.200000762939453,2012.2,12655.751605902258,66.0,0.09,9.281317497125404,0.0226829518628759
422,2017,Tunisia,2.5,11234.5,36287.42290814014,96.0,0.22,4.459935847817603,0.0704548193497071
423,2017,Ukraine,2.5,11860.6,3197.0404049586014,93.8,0.13,5.595702974853189,1.568491657819432
424,2017,United Arab Emirates,3.200000047683716,67183.6,26913.297761216527,99.0,0.31,0.6941664384646017,0.6612214685194179
425,2017,Uruguay,2.5,23009.9,180.4085088800269,99.0,0.38,4.181898333985616,9.940322580645162
426,2017,Uzbekistan,2.5,6840.7,30144.455965176723,97.8,0.12,11.487252694590394,0.111222636260782
