,Year,Country,y_ratio,GDP,Agri_land_cap,Basic_water,Fat,Protein,Carbohydrate
0,2013,Afghanistan,1.3292978208232449,2116.5,11747.901863773175,56.0,38.1,58.0,405.275
1,2013,Albania,1.7186847599164927,11361.3,186574.17828023256,92.6,108.7,109.0,469.675
2,2013,Algeria,1.9142061281337048,11319.1,311.2993619110325,93.0,94.1,90.7,556.575
3,2013,Angola,1.4954627949183303,8141.2,145.83453292550917,99.0,57.8,53.7,434.25000000000006
4,2013,Argentina,1.7282023681377825,17643.1,29134.82204821325,99.0,114.3,101.3,444.275
5,2013,Armenia,1.6072378924960085,24424.1,5808.2691392476445,52.8,96.3,93.3,445.025
6,2013,Australia,1.7906005221932115,10691.3,159869.45037676342,96.7,155.3,108.7,399.125
7,2013,Austria,1.9076449461262184,46744.6,3174.777187652777,98.9,168.3,104.3,446.525
8,2013,Azerbaijan,1.66008537886873,52997.8,5082.112589602627,99.0,64.7,91.3,540.875
9,2013,Bangladesh,1.3848758465011286,14651.7,87.489374279661,99.0,29.7,55.7,490.975
10,2013,Barbados,1.534419337887546,35529.6,138940.67409090587,99.0,89.7,85.0,443.17499999999995
11,2013,Belarus,1.7323869610935858,46930.8,13098.103019450731,89.8,127.3,91.0,446.32500000000005
12,2013,Belgium,1.9173086800205443,3965.4,8318.086198252682,98.8,161.3,98.3,472.025
13,2013,Belize,1.5237007424328954,15085.0,144486.5160381479,99.0,72.9,68.3,434.675
14,2013,Benin,1.5857642940490082,18805.4,2160.007692466081,96.8,50.3,66.0,500.325
15,2013,Bosnia and Herzegovina,1.6079751424132571,48204.6,24589.86314563493,98.5,78.7,91.0,508.175
16,2013,Botswana,1.4011142061281336,7083.4,775.7383938627457,96.7,72.3,73.3,392.775
17,2013,Brazil,1.730891719745223,2876.9,11639.542755506996,99.0,120.0,93.3,451.95
18,2013,Bulgaria,1.4762402088772846,80503.7,17.14656001597785,95.9,88.7,82.7,424.475
19,2013,Burkina Faso,1.606997084548105,9163.6,15159.793430389123,64.5,63.0,80.7,466.55
20,2013,Cambodia,1.4709567198177675,7444.5,3380.73235447378,99.0,35.0,64.3,502.7
21,2013,Cameroon,1.5950317735413055,11725.3,26199.761746228025,94.7,57.7,72.3,488.125
22,2013,Canada,1.789090909090909,15597.6,432.0195896843815,89.2,146.7,101.0,429.92499999999995
23,2013,Central African Republic,1.1570247933884297,15805.2,35479.305611917414,96.4,62.3,49.3,300.525
24,2013,Chad,1.3787610619469026,66715.7,7374.947552776826,86.5,65.0,77.0,361.0
25,2013,Chile,1.6063034188034189,18911.1,25504.6919126823,97.3,87.7,86.0,468.425
26,2013,Colombia,1.5836554389839868,1883.8,387.34938002161584,99.0,82.0,65.7,466.8
27,2013,Costa Rica,1.517590618336887,877.3,229.4969476673996,99.0,89.3,74.3,436.525
28,2013,Cyprus,1.5498971193415638,6323.4,30781.577562406783,51.3,111.7,92.7,409.225
29,2013,Czechia,1.6723163841807909,3191.9,15771.930535494685,58.3,133.7,86.7,426.475
30,2013,Denmark,1.7255002565418165,3372.9,3018.7196088363708,84.3,130.3,109.3,438.275
31,2013,Djibouti,1.4001077005923532,46704.8,283.03082998224835,67.1,60.0,65.4,449.6
32,2013,Dominica,1.559725158562368,824.9,370041.81979470287,63.2,81.3,81.0,473.825
33,2013,Dominican Republic,1.474198804997284,1804.3,2340.711683833544,99.0,96.7,57.0,403.92499999999995
34,2013,Ecuador,1.4531602708803613,23927.4,26377.0213069919,44.4,101.0,66.0,350.5
35,2013,El Salvador,1.466742467310972,11383.0,11989.959904731446,43.7,58.7,73.0,439.92499999999995
36,2013,Estonia,1.6675218060543868,55229.6,202667.3378476318,99.0,96.3,99.7,496.125
37,2013,Eswatini,1.4007981755986316,161972.0,8878.927315168796,99.0,51.0,58.7,440.8
38,2013,Ethiopia,1.3674663545933294,13390.5,3847.428023877768,99.0,27.7,71.3,450.625
39,2013,Fiji,1.500819224467504,3004.4,26091.667995221826,95.8,74.3,70.0,449.82500000000005
40,2013,Finland,1.6948717948717948,5331.9,582.8294402042734,81.0,141.3,116.7,391.625
41,2013,France,1.815473078933612,18233.0,4503.383128680342,69.1,154.3,108.7,412.37500000000006
42,2013,Gabon,1.5586245772266063,3961.8,11850.044302090728,99.0,54.7,83.7,484.475
43,2013,Georgia,1.4918720503408496,24057.8,6140.4880231955885,98.9,65.7,76.7,486.725
44,2013,Germany,1.789769820971867,33384.5,1563.419963955128,71.1,142.3,102.0,452.575
45,2013,Ghana,1.6841511562323743,33661.5,2688.325608734935,95.4,42.6,62.6,588.05
46,2013,Greece,1.7582815734989647,972.5,3464.177322826933,99.0,149.0,107.7,406.3
47,2013,Guatemala,1.4464922711058263,51479.3,769.6036008620515,99.0,60.0,67.0,406.25
48,2013,Guyana,1.5360310421286032,4031.2,44410.43566215933,95.9,61.0,81.3,474.2
49,2013,Haiti,1.1827298050139277,11671.1,1769.116457090465,41.5,50.3,47.0,370.575
50,2013,Honduras,1.5048488305761551,13702.3,5974.865784306549,99.0,83.7,58.3,412.87499999999994
51,2013,Hungary,1.5638516992790936,11818.6,57962.6259021959,75.7,135.7,80.3,373.625
52,2013,Iceland,1.7591542031975245,10290.2,5492093.3757954,95.4,152.7,131.0,378.175
53,2013,India,1.3858267716535433,7892.5,34.9535665485677,95.5,52.0,60.3,438.7
54,2013,Indonesia,1.5573678290213724,33678.7,352.00806248281214,91.7,49.4,61.3,519.8000000000001
55,2013,Iraq,1.4757834757834758,29525.1,564.6459267108769,98.9,69.4,64.7,426.65
56,2013,Ireland,1.898367561874671,8179.8,1127.3065584845256,93.3,129.0,106.7,504.3
57,2013,Israel,1.9943851768669287,1545.2,17621.58050192157,63.7,148.0,125.0,430.0
58,2013,Italy,1.85440414507772,11429.3,73.79481597401146,50.7,153.0,107.3,443.2
59,2013,Jamaica,1.446751863684771,45328.6,3696.072704121789,99.0,74.7,73.0,438.17499999999995
60,2013,Japan,1.4706831629908552,42816.3,353.6631616657438,64.9,86.3,87.0,402.32500000000005
61,2013,Jordan,1.5807174887892377,15342.2,254718.0464543223,39.0,89.7,72.3,430.87499999999994
62,2013,Kazakhstan,1.7380694143167028,2131.4,16228.009226765607,94.3,127.3,93.7,421.12500000000006
63,2013,Kenya,1.2924251321197886,11740.1,1198.374762170391,99.0,45.3,62.0,386.325
64,2013,Kiribati,1.7745327102803738,49954.2,3151.445493896392,99.0,126.3,69.7,405.625
65,2013,Kuwait,1.838506049447659,4769.1,435.573911164474,99.0,109.3,101.7,526.125
66,2013,Latvia,1.6736953083816553,27810.9,3227.462774150957,83.4,119.7,93.6,430.8249999999999
67,2013,Lebanon,1.628787878787879,13427.6,3048.765638381496,78.5,96.6,72.9,462.25
68,2013,Lesotho,1.3353967360720316,7734.1,13507.331424560076,95.5,39.7,69.6,434.32500000000005
69,2013,Liberia,1.2638970157987126,2035.3,5301.133125738377,99.0,59.6,38.4,367.5
70,2013,Lithuania,1.767735155018392,1770.5,9609.370482210004,77.9,92.7,117.0,515.425
71,2013,Luxembourg,1.7982723577235773,11117.5,2412.294444423965,99.0,139.3,113.0,458.325
72,2013,Madagascar,1.2034606205250598,3057.9,817.4638499803582,99.0,22.3,44.6,409.475
73,2013,Malawi,1.559402985074627,5113.5,19309.58129617829,95.6,41.4,68.0,491.85
74,2013,Malaysia,1.570414847161572,25343.7,13877.330573725732,91.4,89.3,78.3,440.025
75,2013,Mali,1.7387878787878788,50168.7,60478.3483184714,63.4,58.3,82.0,504.075
76,2013,Malta,1.740340030911901,4818.5,29567.470150934896,58.6,116.7,110.7,471.225
77,2013,Mauritania,1.6517498565691338,9457.0,107926.73838381536,94.1,75.9,80.0,468.975
78,2013,Mauritius,1.6283422459893049,14478.3,81.48420735699641,63.6,92.3,85.7,467.875
79,2013,Mexico,1.6972677595628416,10170.2,1059.2696147917698,92.2,97.0,88.3,469.95
80,2013,Mongolia,1.4326710816777042,53435.6,774.277591338418,99.0,108.4,80.7,324.4
81,2013,Montenegro,1.780104712041885,36423.2,1820575.3406286023,99.0,134.0,107.3,441.2
82,2013,Morocco,1.8303327877795963,40268.1,11763.361073522296,87.2,67.3,97.0,590.325
83,2013,Myanmar,1.520293122886133,9427.7,16.585518481821808,86.9,79.7,88.7,406.225
84,2013,Namibia,1.3589009730967372,39569.6,25072.68841006024,96.5,51.3,62.0,416.075
85,2013,Nepal,1.5680370584829184,10414.9,2994.153018372099,92.5,56.0,68.3,482.7
86,2013,Netherlands,1.6364097363083163,23720.8,23040.91925721904,97.3,125.0,110.3,415.2
87,2013,New Zealand,1.6801258521237543,3887.7,151171.0761866886,99.0,119.0,91.3,441.95
88,2013,Nicaragua,1.4372881355932203,2029.4,8354.691542808845,99.0,57.7,62.0,444.17499999999995
89,2013,Nigeria,1.5348288075560803,58995.4,107.56506324005996,90.1,57.0,60.3,461.45
90,2013,North Macedonia,1.527187985499741,4631.4,4754.874245266887,98.8,101.7,78.3,430.12499999999994
91,2013,Norway,1.7855310415597745,5841.9,8113.067137057877,99.0,142.0,113.6,436.9
92,2013,Oman,1.576943140323422,24715.7,29499.53583253316,94.6,82.9,87.0,482.225
93,2013,Pakistan,1.3861158921399883,17439.5,74.21803108634911,56.8,74.3,61.7,375.12500000000006
94,2013,Panama,1.5520540236353404,2614.1,94591.32142876695,72.1,81.0,78.0,429.25
95,2013,Papua New Guinea,1.287551139684395,1704.9,2879.9284267809976,99.0,63.0,63.0,346.0
96,2013,Paraguay,1.511001100110011,24534.0,38350.72661315432,87.2,93.3,64.7,412.12500000000006
97,2013,Peru,1.52759009009009,28589.0,4187.884013917384,73.7,55.7,82.3,470.625
98,2013,Philippines,1.4717090069284064,113051.0,120.35817946905496,98.4,52.7,59.3,459.375
99,2013,Poland,1.758264462809917,1531.8,3776.399020872244,90.5,120.0,100.7,480.3
100,2013,Portugal,1.7848563968668407,1418.1,3533.9359927050687,69.9,134.0,111.0,442.0
101,2013,Romania,1.7493486190724337,22855.9,8222.480948979724,71.4,107.0,103.0,495.5
102,2013,Rwanda,1.279883381924198,17133.1,12861.259887353675,95.5,25.0,59.0,433.5
103,2013,Samoa,1.6785917092561045,1995.2,96611.64478375771,95.7,134.0,86.3,351.2
104,2013,Sao Tome and Principe,1.378238341968912,35325.2,9022209.95855807,99.0,71.0,53.7,385.05
105,2013,Saudi Arabia,1.755663430420712,3594.5,22692.143080517148,47.1,108.4,90.7,479.15
106,2013,Senegal,1.3905801263641586,4846.7,6434.2794727983,64.6,71.6,59.6,384.54999999999995
107,2013,Serbia,1.425065274151436,18579.4,124.45492108212544,97.0,80.7,83.0,417.67499999999995
108,2013,Sierra Leone,1.348053457292272,18600.4,5752.716173937113,98.2,52.0,51.7,411.3
109,2013,Slovenia,1.6482830385015608,3467.7,6014.19209740587,71.1,116.7,97.3,432.12499999999994
110,2013,Solomon Islands,1.4085005903187722,10371.3,61106.647833384966,99.0,47.3,56.0,434.075
111,2013,South Africa,1.5973045822102423,17381.7,8.195633649513429,88.2,89.3,80.7,459.125
112,2013,Spain,1.6493236212278877,6827.9,17.7283218208623,63.3,142.3,104.0,368.325
113,2013,Sri Lanka,1.451939291736931,1165.4,295.31455469405006,99.0,45.3,62.0,481.825
114,2013,Sudan,1.496223126089483,3330.5,818.9562111660172,97.2,64.0,73.7,426.05
115,2013,Suriname,1.511196067722556,9990.7,22327.994957015868,87.9,80.7,63.0,447.17499999999995
116,2013,Sweden,1.6397323726196604,10491.9,52023.20312214078,79.0,133.0,107.0,390.25
117,2013,Switzerland,1.7256997455470735,3033.8,4710.887180911386,96.9,153.4,93.7,408.9
118,2013,Thailand,1.4525702172760997,51640.1,3273.92468523364,81.0,57.3,61.3,495.025
119,2013,Togo,1.4145917776491026,39521.1,48654.71957825483,46.5,52.6,55.7,436.7
120,2013,Trinidad and Tobago,1.606837606837607,5263.5,398.90434273861126,69.7,90.7,84.0,463.925
121,2013,Tunisia,1.8583150984682717,1098.6,9077.920476028876,81.7,94.3,98.7,538.375
122,2013,Turkmenistan,1.585746102449889,5329.1,77381.83086686434,99.0,79.7,89.4,443.275
123,2013,Ukraine,1.657426778242678,14108.9,3167.9519070687597,86.8,89.0,89.0,503.0
124,2013,United Arab Emirates,1.4849660523763335,61879.0,27245.32578495023,99.0,108.3,78.0,443.82500000000005
125,2013,Uruguay,1.6853146853146854,36831.1,551.7142084995851,97.7,104.0,87.0,462.25
126,2013,Uzbekistan,1.717308735756918,4580.7,20.37909799439608,99.0,86.4,95.0,501.85
127,2013,Vanuatu,1.6436170212765957,16273.8,3753979.35605544,81.2,102.3,67.0,398.07500000000005
128,2014,Afghanistan,1.3652802893309222,2102.4,11360.229738546304,58.7,38.7,58.3,420.875
129,2014,Albania,1.7054830287206266,11586.8,188972.5364058437,93.0,109.7,110.0,459.675
130,2014,Algeria,1.9117811278615295,11512.7,301.69032286971367,93.2,95.6,90.7,550.2
131,2014,Angola,1.5217654171704955,8240.3,141.9728337116925,99.0,59.4,54.7,440.9
132,2014,Argentina,1.7465016146393972,18104.7,28147.25945052886,99.0,116.4,103.3,446.0499999999999
133,2014,Armenia,1.633315593400745,23550.1,5770.835972906222,53.5,96.7,95.7,453.975
134,2014,Australia,1.7822454308093996,11019.8,158677.8438395713,96.7,156.4,108.0,393.35
135,2014,Austria,1.885010266940452,47232.9,3150.476396092722,98.9,165.3,106.0,440.07500000000005
136,2014,Azerbaijan,1.6540106951871658,52932.9,5017.77054743217,99.0,64.0,91.0,538.25
137,2014,Bangladesh,1.3955981941309257,14867.9,86.15858595387112,99.0,31.3,56.7,491.125
138,2014,Barbados,1.5291338582677163,35847.9,138681.6466251207,99.0,93.0,86.7,432.3
139,2014,Belarus,1.7288046340179042,48201.2,12874.610013717507,91.2,128.7,89.7,441.475
140,2014,Belgium,1.946070878274268,4157.9,8301.232708550093,98.8,163.0,98.3,482.2
141,2014,Belize,1.496866096866097,15043.7,140845.4690038091,99.0,71.6,68.3,427.35
142,2014,Benin,1.5961538461538465,19119.3,2096.8540481677605,97.0,51.0,66.7,503.3
143,2014,Bosnia and Herzegovina,1.6580310880829014,48748.6,24766.333936991003,98.5,80.6,93.3,525.35
144,2014,Botswana,1.4233983286908078,7239.3,766.0567897049627,96.5,70.0,72.7,408.55
145,2014,Brazil,1.7522546419098144,2975.9,11575.905799017008,99.0,122.4,93.3,457.05
146,2014,Bulgaria,1.4960835509138382,77361.1,16.561665706090054,96.5,89.7,82.7,431.725
147,2014,Burkina Faso,1.5981362842166569,9574.0,14786.7369724719,64.6,63.3,80.3,463.275
148,2014,Cambodia,1.4872086412734509,7730.6,3325.803138903477,99.0,36.0,64.7,508.3
149,2014,Cameroon,1.5706866705135605,12066.6,25532.74525089528,95.4,57.0,72.7,479.55
150,2014,Canada,1.7744282744282744,16042.1,426.7295287113122,89.9,152.4,99.0,411.6
151,2014,Central African Republic,1.089675516224189,15749.5,35305.99522285325,96.2,57.6,47.7,284.45
152,2014,Chad,1.3480565371024735,64190.8,7135.767378960187,87.5,65.3,76.7,348.62500000000006
153,2014,Chile,1.606837606837607,19202.8,25218.07573503145,97.6,89.7,86.7,463.475
154,2014,Colombia,1.603419746276889,1907.9,378.5579658262226,99.0,83.7,67.3,471.125
155,2014,Costa Rica,1.5396909962706449,886.2,227.2599308919608,99.0,91.7,74.7,441.475
156,2014,Cyprus,1.541430777148739,6281.8,30512.966709103643,50.7,110.7,91.7,407.975
157,2014,Czechia,1.6428571428571428,3364.3,15791.554874732605,59.0,130.0,87.0,419.75
158,2014,Denmark,1.719630958482829,3470.8,3004.837930305768,84.7,131.0,109.3,434.7
159,2014,Djibouti,1.4491114701130856,47564.6,278.17742601315,67.8,62.7,67.7,463.975
160,2014,Dominica,1.564712097200211,822.6,373131.7607010733,63.6,82.3,80.3,475.025
161,2014,Dominican Republic,1.502171552660152,1866.3,2313.780510767048,99.0,97.3,58.7,414.12500000000006
162,2014,Ecuador,1.4746335963923336,24099.3,25972.565408161267,43.4,101.0,65.7,361.05
163,2014,El Salvador,1.467650397275823,12132.5,8697.2075530204,44.1,59.0,74.0,439.75
164,2014,Estonia,1.6469984607491022,56358.1,201918.59895325665,99.0,105.3,101.7,463.875
165,2014,Eswatini,1.4167140420693576,155202.0,8894.798460670198,99.0,54.4,59.3,441.3
166,2014,Ethiopia,1.3850641773628938,13852.2,3762.707266961093,99.0,29.7,71.3,455.375
167,2014,Fiji,1.504100601421542,2995.5,26165.478096178995,96.0,72.3,70.7,454.375
168,2014,Finland,1.7025641025641025,5552.8,579.154467436065,80.2,141.0,117.3,395.45
169,2014,France,1.7830632514375326,18669.1,4481.213315630205,70.1,151.7,108.0,403.425
170,2014,Gabon,1.551549295774648,4226.0,11493.347758069987,99.0,55.3,84.7,479.375
171,2014,Georgia,1.469012605042017,24072.4,5987.148447083371,99.0,67.3,76.3,471.525
172,2014,Germany,1.812180143295804,33136.5,1559.2148091952145,71.1,142.0,103.3,462.45
173,2014,Ghana,1.679054054054054,34386.7,2277.7294552549765,95.6,41.0,61.3,591.95
174,2014,Greece,1.7790998448008275,1029.8,3545.1237494696984,99.0,148.7,107.3,417.87499999999994
175,2014,Guatemala,1.4427299703264096,52048.3,761.1203198746387,99.0,60.3,67.7,404.37500000000006
176,2014,Guyana,1.5462603878116343,4241.9,44237.99174975209,95.6,61.3,82.7,477.125
177,2014,Haiti,1.2157953281423803,12213.6,1744.240002874204,42.1,49.3,48.0,387.575
178,2014,Honduras,1.473564525298465,14499.6,5877.90024519911,99.0,83.0,58.3,402.95
179,2014,Hungary,1.6022668727460072,12078.5,58133.65866424559,75.7,140.7,82.0,378.925
180,2014,Iceland,1.7833935018050542,10353.7,5469640.161659444,95.4,158.0,134.7,374.3
181,2014,India,1.3916947250280585,7990.4,34.4704951579652,95.8,53.0,61.0,439.75
182,2014,Indonesia,1.598088813940416,32436.6,363.307715873533,92.4,49.0,62.3,538.2
183,2014,Iraq,1.4823663253697383,30494.1,544.055221750306,99.0,71.0,63.6,428.15
184,2014,Ireland,1.92619926199262,8193.7,1162.1292403560778,94.4,131.0,109.7,509.05
185,2014,Israel,2.008988764044944,1656.6,16757.87882584334,63.9,148.0,124.6,436.4
186,2014,Italy,1.805800103573278,12058.0,73.49822760017362,51.1,149.3,105.7,430.12500000000006
187,2014,Jamaica,1.4436170212765955,44976.8,3700.693219140514,99.0,75.3,72.7,436.37500000000006
188,2014,Japan,1.463939720129171,43021.4,352.5043475536198,65.8,86.7,86.7,398.225
189,2014,Jordan,1.6029082774049217,15437.3,243080.75662907053,40.5,90.7,72.3,440.12499999999994
190,2014,Kazakhstan,1.7241566920565832,2038.8,15968.679887785782,94.3,128.0,94.0,410.25
191,2014,Kenya,1.286885245901639,12254.6,1168.092617603265,99.0,45.2,62.4,385.4
192,2014,Kiribati,1.80466472303207,50845.5,3108.2304112920183,99.0,125.7,70.3,420.625
193,2014,Kuwait,1.8184679958027283,4794.1,412.09025670703306,99.0,107.9,102.0,521.725
194,2014,Latvia,1.6928759894459102,28130.0,3275.249601725691,83.5,121.6,94.3,434.1000000000001
195,2014,Lebanon,1.6067354698533405,14317.3,2927.6258312109508,78.9,93.9,71.3,456.925
196,2014,Lesotho,1.271604938271605,7939.4,13408.709201310729,95.6,44.7,64.6,401.32500000000005
197,2014,Liberia,1.2827102803738315,2061.7,5221.46077034381,99.0,58.4,39.4,378.20000000000005
198,2014,Lithuania,1.7816938453445554,1740.9,9935.729386322992,79.0,94.3,119.3,515.2750000000001
199,2014,Luxembourg,1.7741116751269037,11244.4,2362.2572640447816,99.0,139.0,112.0,449.0
200,2014,Madagascar,1.170935080405003,3066.9,793.5600903030687,99.0,22.0,43.7,398.3
201,2014,Malawi,1.526190476190476,5177.4,18467.36097682256,95.6,43.0,67.3,476.95
202,2014,Malaysia,1.543620501635769,26485.4,13692.550134421032,91.8,90.7,78.3,425.37499999999994
203,2014,Mali,1.723198061780739,50450.7,58312.72219811586,63.5,58.3,80.6,499.475
204,2014,Malta,1.7603092783505154,5116.6,29312.629303331087,58.7,115.7,112.3,481.125
205,2014,Mauritania,1.6525229357798166,9801.2,104813.30710011513,94.7,71.3,81.4,478.6750000000001
206,2014,Mauritius,1.6247995724211652,15006.9,81.36152911955372,64.1,92.0,86.3,466.7
207,2014,Mexico,1.7145196506550218,9818.7,1049.560457507325,92.7,97.3,89.0,477.325
208,2014,Mongolia,1.4488101826231323,57668.8,783.371784262567,99.0,115.8,85.1,308.85
209,2014,Montenegro,1.7675392670157068,37204.5,1814122.7160296813,99.0,135.3,108.3,431.275
210,2014,Morocco,1.8537117903930127,39898.5,11599.37483110262,87.7,67.0,98.0,600.25
211,2014,Myanmar,1.5433070866141732,9438.5,16.449628483227958,87.7,81.3,91.0,412.07500000000005
212,2014,Namibia,1.355263157894737,39739.5,24852.359390628942,96.7,52.7,62.0,411.675
213,2014,Nepal,1.5920138888888888,10284.7,3006.3946374453085,93.4,56.3,69.7,491.375
214,2014,Netherlands,1.63013698630137,24355.8,22974.07645207186,97.4,126.3,108.7,410.37500000000006
215,2014,New Zealand,1.649895178197065,3979.7,149906.76344853948,99.0,117.0,91.7,432.05
216,2014,Nicaragua,1.4272009029345372,1979.6,8245.514131004209,99.0,58.3,62.0,439.07500000000005
217,2014,Nigeria,1.553392330383481,56647.4,104.25444765312248,90.3,57.4,60.0,469.1
218,2014,North Macedonia,1.5318818040435458,4722.1,4749.107220206182,98.9,101.0,79.7,431.8
219,2014,Norway,1.7765248590466427,6193.3,8013.972042302727,99.0,141.7,112.3,435.37499999999994
220,2014,Oman,1.5535343035343034,25423.6,27601.92736740037,94.8,79.1,87.0,482.275
221,2014,Pakistan,1.3822349570200574,16879.2,72.69654856981445,57.5,75.3,63.3,370.275
222,2014,Panama,1.5463743676222597,2639.4,92922.60986114667,73.0,80.7,78.0,428.17499999999995
223,2014,Papua New Guinea,1.2981330221703618,1673.1,2809.959765855981,99.0,62.0,64.4,352.35
224,2014,Paraguay,1.5211422295442063,18757.0,37626.31971639166,87.8,90.6,65.7,422.95
225,2014,Peru,1.5446880269814502,29855.8,4153.488032650444,75.6,56.7,84.0,475.425
226,2014,Philippines,1.4521337946943482,113314.0,118.3924761123779,98.5,52.7,59.7,451.225
227,2014,Poland,1.7643410852713175,1540.7,3786.712126814322,90.9,119.7,100.3,483.875
228,2014,Portugal,1.764367816091954,1457.5,3516.7990244786447,70.2,135.0,111.3,429.2
229,2014,Romania,1.7815432742440045,23906.2,8351.567244601798,72.0,112.3,104.7,496.875
230,2014,Rwanda,1.2703488372093024,17567.7,12477.862620627233,96.4,24.3,59.0,432.575
231,2014,Samoa,1.6926579396698918,2075.4,94136.92643845594,96.1,132.3,86.7,359.125
232,2014,Sao Tome and Principe,1.3691776883266245,37270.1,8868234.83729889,99.0,71.7,53.0,380.92499999999995
233,2014,Saudi Arabia,1.7611619150080688,3544.8,22054.86734571494,48.0,107.3,91.0,486.075
234,2014,Senegal,1.402411021814007,4908.1,6259.021329491758,65.4,68.9,59.3,396.425
235,2014,Serbia,1.4657963446475195,19240.2,125.30505881808222,97.0,82.3,84.0,432.57500000000005
236,2014,Sierra Leone,1.318840579710145,18887.6,5627.638445392312,98.5,52.0,51.0,400.75
237,2014,Slovenia,1.6682291666666669,3339.8,5958.438452847127,72.8,114.3,97.0,446.57500000000005
238,2014,Solomon Islands,1.4025974025974026,10967.1,59726.20379880732,99.0,46.3,55.3,434.525
239,2014,South Africa,1.5802801724137931,17674.6,8.066854570599132,88.3,87.6,81.0,455.15
240,2014,Spain,1.645681581685744,6911.8,18.855047949541326,65.1,143.7,104.3,363.125
241,2014,Sri Lanka,1.4761101742551996,1217.1,295.7595040953388,99.0,46.3,63.7,488.625
242,2014,Sudan,1.5052204176334107,3574.0,799.4358577580459,97.6,65.0,74.3,428.2
243,2014,Suriname,1.5079105291871249,10413.3,22086.54600399799,88.1,79.7,62.3,449.37499999999994
244,2014,Sweden,1.646755921730175,13174.3,51831.70646473528,79.9,133.7,107.7,390.975
245,2014,Switzerland,1.7409669211195928,3217.4,4655.1286905452025,97.1,156.0,95.3,408.95
246,2014,Thailand,1.4732379438261791,52187.0,3274.4606447528445,82.4,58.7,61.3,501.625
247,2014,Togo,1.4170999422299249,40353.1,47405.45562011304,48.8,51.0,55.7,442.8
248,2014,Trinidad and Tobago,1.5964724746125067,5443.3,396.3776950930644,71.6,89.7,85.0,459.925
249,2014,Tunisia,1.8832236842105263,1126.8,8822.948524363894,82.1,94.3,99.3,547.2750000000001
250,2014,Turkmenistan,1.622346368715084,5516.4,75939.51620869893,99.0,80.7,90.7,453.725
251,2014,Ukraine,1.6465968586387434,14596.6,3208.736072186597,87.3,86.7,87.7,503.475
252,2014,United Arab Emirates,1.4863813229571985,62390.1,27720.312014674768,99.0,108.7,80.0,439.42499999999995
253,2014,Uruguay,1.6973118279569892,34875.8,549.9289944621856,97.9,106.0,86.3,464.45
254,2014,Uzbekistan,1.748099891422367,4695.6,22.18468609852354,99.0,87.7,97.0,510.675
255,2014,Vanuatu,1.6162034299231225,17276.5,3650829.1396349967,81.3,101.6,67.0,387.65
256,2015,Afghanistan,1.3505402160864346,2068.3,11015.993676918428,61.3,39.7,58.6,414.575
257,2015,Albania,1.712793733681462,11878.5,191270.89067587745,93.4,112.3,111.3,456.025
258,2015,Algeria,1.9121432568550645,11697.0,295.58482904509214,93.4,97.0,90.7,545.3
259,2015,Angola,1.4782608695652173,8036.6,137.28115884233395,99.0,59.9,54.3,422.925
260,2015,Argentina,1.7789133942980098,18594.5,27182.186702503343,99.0,118.7,103.7,455.975
261,2015,Armenia,1.645367412140575,23933.9,5731.212393939072,54.3,95.3,97.0,461.075
262,2015,Australia,1.7769070010449322,11321.3,145458.69804313782,96.7,159.0,107.7,384.8
263,2015,Austria,1.881869542886492,47569.3,3132.335876004921,99.0,162.3,107.3,443.525
264,2015,Azerbaijan,1.6566684520621318,52873.9,4956.799730970625,99.0,64.0,90.3,538.95
265,2015,Bangladesh,1.429617117117117,14852.6,84.98857978758589,99.0,32.3,57.0,505.075
266,2015,Barbados,1.5477439664218258,35859.3,138437.65223760807,99.0,94.0,87.0,439.0
267,2015,Belarus,1.7162447257383966,48110.7,12864.132387738911,92.4,130.0,89.0,432.0
268,2015,Belgium,1.9547790339157245,4381.1,8348.952522831685,98.9,164.0,98.3,483.7
269,2015,Belize,1.5218874360432064,15388.6,138862.25985382043,99.0,70.4,68.7,442.15
270,2015,Benin,1.5867287543655413,18362.7,2057.4960462225563,97.1,51.0,67.0,499.75
271,2015,Bosnia and Herzegovina,1.6950207468879668,49456.4,25002.318215458155,98.5,83.6,96.0,532.9
272,2015,Botswana,1.4337416481069043,7292.8,801.6160579728734,96.5,68.7,72.7,416.475
273,2015,Brazil,1.7221633085896075,2946.0,11514.460480997472,99.0,124.0,93.0,440.0
274,2015,Bulgaria,1.4383490073145246,77842.8,15.278331617298903,97.2,90.7,83.7,400.475
275,2015,Burkina Faso,1.6005813953488373,10086.1,14279.801415920916,64.8,63.3,79.7,466.125
276,2015,Cambodia,1.4946053378762068,7984.4,3272.8932601914707,99.0,37.3,65.0,509.075
277,2015,Cameroon,1.577521613832853,12630.7,24888.00077739324,96.2,56.7,72.7,483.975
278,2015,Canada,1.7779511180447218,14895.9,421.6136779565626,90.5,157.3,99.0,401.825
279,2015,Central African Republic,1.063716814159292,15064.2,35131.09116034088,96.2,54.7,48.0,279.675
280,2015,Chad,1.3251028806584362,63147.5,6909.517424421041,88.4,65.0,76.7,340.55
281,2015,Chile,1.592098238120662,19988.2,24905.678311454238,97.8,90.3,87.0,455.325
282,2015,Colombia,1.6363636363636365,1925.3,374.0477722240773,99.0,85.0,68.7,482.55
283,2015,Costa Rica,1.5420660276890308,825.2,261.31414114222827,99.0,94.0,76.7,435.8
284,2015,Cyprus,1.5702521873391662,6266.9,30095.082890678364,50.1,111.7,91.7,419.725
285,2015,Czechia,1.6059670781893003,3541.4,15781.892751799527,59.6,130.0,87.3,400.7
286,2015,Denmark,1.712090163934426,3570.4,2991.898844989932,85.4,131.7,110.3,428.87499999999994
287,2015,Djibouti,1.486820871436256,47522.1,273.52357444983465,68.4,63.3,69.0,479.575
288,2015,Dominica,1.5908130939809926,852.7,370059.5714787496,64.0,83.7,81.0,483.925
289,2015,Dominican Republic,1.4896963123644251,1857.1,2362.4555337530123,99.0,98.7,61.0,403.67499999999995
290,2015,Ecuador,1.4771830985915493,24329.6,25571.393870548654,42.3,98.6,64.6,369.04999999999995
291,2015,El Salvador,1.4648526077097506,12879.9,9152.39408068241,44.4,58.7,75.3,438.62499999999994
292,2015,Estonia,1.62782340862423,57214.7,202051.9565432249,99.0,115.0,101.7,432.3
293,2015,Eswatini,1.4032898468519568,119407.0,8994.255632505403,99.0,56.0,59.3,433.2
294,2015,Ethiopia,1.4209302325581394,14095.7,3681.343990748651,99.0,29.7,71.4,472.775
295,2015,Fiji,1.5232621784345923,2959.5,26172.18799215318,96.3,72.0,71.7,462.05
296,2015,Finland,1.7101077475628528,5224.3,575.7938876815138,80.1,140.7,117.7,398.975
297,2015,France,1.8242677824267783,19141.7,4457.017150864016,71.1,148.7,108.0,429.42499999999995
298,2015,Gabon,1.5478603603603605,4417.2,11177.343417073558,99.0,54.6,84.3,480.1
299,2015,Georgia,1.4818516570226197,24884.7,6008.926042075653,99.0,68.7,75.7,473.975
300,2015,Germany,1.82642089093702,34453.1,1553.8771881483578,71.1,143.3,104.3,465.025
301,2015,Ghana,1.6434195725534309,36168.4,2225.916403212099,95.9,40.0,59.6,580.9
302,2015,Greece,1.7559462254395035,1065.2,3617.350034058064,99.0,149.0,106.7,407.05
303,2015,Guatemala,1.4568047337278107,52892.6,752.8968753893649,99.0,62.7,69.0,405.42499999999995
304,2015,Guyana,1.5741971207087486,4484.8,44003.84137768378,95.2,62.0,84.0,487.25
305,2015,Haiti,1.214206437291898,11865.9,1720.3432458763184,42.7,48.3,48.7,389.625
306,2015,Honduras,1.4824263038548753,15328.4,5776.424288020591,99.0,83.0,59.0,408.0
307,2015,Hungary,1.660824742268041,11896.4,58601.390376792624,75.8,144.7,85.0,394.925
308,2015,Iceland,1.8344507478081484,10570.4,5440789.493606106,95.4,162.0,138.7,386.05
309,2015,India,1.3820728291316526,8143.3,33.812862309017625,96.1,54.3,61.7,432.875
310,2015,Indonesia,1.5842696629213484,28313.4,357.99534496137306,93.1,51.4,63.7,525.65
311,2015,Iraq,1.4378194207836457,31038.8,526.2526415240096,99.0,72.4,62.3,407.8
312,2015,Ireland,1.959409594095941,8307.8,1147.574810528714,95.6,134.0,110.3,517.45
313,2015,Israel,1.9735806632939852,1779.1,16224.86243021241,64.2,150.7,124.0,414.67499999999995
314,2015,Italy,1.8027950310559009,12569.1,73.29334466056663,51.5,146.7,104.0,436.67499999999995
315,2015,Jamaica,1.4582668793195108,45072.6,3653.722694796031,99.0,76.3,71.7,442.37500000000006
316,2015,Japan,1.453713670613563,43345.8,351.2907716851887,66.7,86.7,86.0,394.17499999999995
317,2015,Jordan,1.584169453734671,15510.0,233376.1359242516,42.1,91.0,72.3,433.45
318,2015,Kazakhstan,1.7187329328235936,2058.7,15723.869949994338,94.3,127.3,94.7,405.625
319,2015,Kenya,1.2854640980735552,12605.1,1165.871665558998,99.0,41.7,62.7,393.975
320,2015,Kiribati,1.81002331002331,51159.3,3065.07883563064,99.0,124.7,71.3,424.625
321,2015,Kuwait,1.813710099424385,4786.0,389.51003079579976,99.0,106.0,100.3,527.7
322,2015,Latvia,1.677589852008457,28260.4,3328.869811155468,83.9,123.0,98.3,418.45
323,2015,Lebanon,1.5941240478781284,15142.1,2852.2133562009226,79.2,90.9,70.3,457.675
324,2015,Lesotho,1.1931690929451289,8125.7,13307.359698418317,95.8,49.0,62.7,359.8
325,2015,Liberia,1.2622377622377623,2087.9,4970.6756966157145,99.0,58.0,40.3,370.7
326,2015,Lithuania,1.7809373354397051,1800.1,10252.493969723098,80.2,96.0,122.3,507.2
327,2015,Luxembourg,1.759005580923389,11261.8,2316.225577468367,99.0,138.7,111.3,443.37499999999994
328,2015,Madagascar,1.1373365041617125,3102.3,777.6239081491849,99.0,22.0,43.3,385.45
329,2015,Malawi,1.5560830860534125,5283.4,17943.537009328884,95.6,45.4,67.4,485.95
330,2015,Malaysia,1.5604575163398693,27531.6,13509.645745011623,92.1,91.0,78.0,433.5
331,2015,Mali,1.718088324258923,52142.9,56586.55322748643,63.6,58.0,80.0,499.5
332,2015,Malta,1.7663744198040228,5464.4,29107.91841479476,58.8,115.0,113.3,484.2
333,2015,Mauritania,1.6483390607101946,10149.6,101823.78783205611,95.2,68.6,82.0,483.15
334,2015,Mauritius,1.625200213561132,14599.7,81.22548050469369,64.6,91.3,86.0,469.575
335,2015,Mexico,1.718102508178844,9947.0,1046.21559141405,93.3,98.3,89.3,477.275
336,2015,Mongolia,1.5124792013311148,71508.7,771.7364369989257,99.0,118.8,88.7,325.75
337,2015,Montenegro,1.7899423782084862,37306.1,1812953.8389395128,99.0,136.7,109.3,437.37499999999994
338,2015,Morocco,1.8471615720524015,40247.8,11441.68258537888,88.1,68.0,98.7,594.3
339,2015,Myanmar,1.558113419427288,9473.1,16.3247566605197,88.5,82.0,93.7,415.55
340,2015,Namibia,1.3884439359267735,40402.6,24407.091275177645,96.8,54.7,63.0,420.675
341,2015,Nepal,1.6119144013880855,10145.8,3172.296581229548,94.2,58.3,71.3,494.275
342,2015,Netherlands,1.643835616438356,24290.4,22911.720830874438,97.4,128.0,107.3,414.7
343,2015,New Zealand,1.6530398322851152,4074.6,148733.6621933299,99.0,113.3,92.3,441.275
344,2015,Nicaragua,1.4253521126760564,2144.7,8138.855135448868,99.0,60.0,63.0,434.5
345,2015,Nigeria,1.5471698113207548,54834.4,101.91155605056086,90.4,58.0,60.0,465.5
346,2015,North Macedonia,1.5575726141078838,4805.1,4742.0449326347125,98.9,101.0,81.0,442.5
347,2015,Norway,1.7535860655737705,6543.7,7925.263667425857,99.0,142.3,111.7,423.87500000000006
348,2015,Oman,1.527461139896373,26628.5,25102.2826626698,95.0,76.6,85.3,479.35
349,2015,Pakistan,1.398397252432742,16252.1,71.90602514324041,58.2,76.0,64.3,375.45
350,2015,Panama,1.553370786516854,2701.4,91223.61401943812,73.8,80.0,78.7,432.55
351,2015,Papua New Guinea,1.297029702970297,1630.6,2741.8136573154748,99.0,59.6,65.3,357.35
352,2015,Paraguay,1.5046626439934174,18435.8,36921.42592946421,88.4,87.3,65.0,424.32500000000005
353,2015,Peru,1.557303370786517,30748.2,4111.157399600889,77.5,57.3,85.3,478.775
354,2015,Philippines,1.478110599078341,113183.0,116.5373330774082,98.5,53.4,60.7,460.65
355,2015,Poland,1.74495602690119,1546.8,3778.453826510732,91.2,121.3,101.0,469.325
356,2015,Portugal,1.7957157784743991,1457.5,3509.5086525854754,70.5,135.0,112.0,443.5
357,2015,Romania,1.8123044838373303,24787.8,8500.87090797966,72.6,119.0,106.7,494.55
358,2015,Rwanda,1.2751015670342427,17284.0,12189.21589513158,97.3,25.0,59.3,433.7
359,2015,Samoa,1.641988950276243,2139.7,93623.06857526745,96.6,133.3,87.0,356.075
360,2015,Sao Tome and Principe,1.3607122343480758,39887.7,8706271.090408595,99.0,71.0,52.7,379.8
361,2015,Saudi Arabia,1.765557939914163,3585.6,21593.978070776688,48.9,107.6,91.0,489.65
362,2015,Senegal,1.4205393000573725,5024.5,6086.380925269834,66.2,66.3,60.4,409.4250000000001
363,2015,Serbia,1.4587251828631138,19897.5,127.2984552839392,97.1,84.0,84.7,424.3
364,2015,Sierra Leone,1.3697916666666667,19268.9,5506.204833329592,98.8,50.0,49.6,429.65
365,2015,Slovenia,1.6496350364963503,3447.9,5904.792344917122,74.4,112.7,97.7,439.725
366,2015,Solomon Islands,1.4025974025974026,11009.7,57715.29662611729,99.0,45.3,55.3,436.775
367,2015,South Africa,1.566271551724138,18263.6,7.944193054868664,88.3,86.7,81.3,450.375
368,2015,Spain,1.662330905306972,7126.3,18.640760323617314,67.0,145.7,105.3,365.625
369,2015,Sri Lanka,1.5098369870713884,1262.6,294.85808893274657,99.0,48.7,65.0,496.925
370,2015,Sudan,1.499131441806601,3663.1,778.4371508298034,98.0,66.7,73.7,423.475
371,2015,Suriname,1.4801089918256132,10662.8,21855.14794253992,88.3,78.3,61.3,441.525
372,2015,Sweden,1.6402061855670105,13550.3,51446.2492328429,80.8,136.0,107.0,382.5
373,2015,Switzerland,1.730142566191446,3331.9,4604.198619343058,97.4,156.7,96.3,400.625
374,2015,Thailand,1.476947535771065,52974.1,3275.872787978178,83.8,61.7,61.3,496.625
375,2015,Togo,1.3685121107266436,41020.3,46206.816126695,51.2,51.0,56.0,422.5
376,2015,Trinidad and Tobago,1.5954035275253875,5630.4,394.06508787651455,73.6,88.3,85.3,462.275
377,2015,Tunisia,1.8957189901207463,1131.5,8796.102952508469,82.5,94.3,100.0,551.325
378,2015,Turkmenistan,1.6245103525461668,5514.8,74583.80822682333,99.0,81.0,91.3,452.2
379,2015,Ukraine,1.621593291404612,15139.3,3220.6307000929355,87.8,83.0,86.3,500.45
380,2015,United Arab Emirates,1.497560975609756,62987.5,27581.007063017874,99.0,108.3,80.7,443.12500000000006
381,2015,Uruguay,1.6763440860215053,34564.9,548.0635624776342,98.1,105.3,85.7,456.875
382,2015,Uzbekistan,1.761542639869636,4816.1,24.44910622060013,99.0,89.7,98.7,510.225
383,2015,Vanuatu,1.5970414201183432,18536.9,3553340.119795816,81.4,100.3,66.0,383.07500000000005
384,2016,Afghanistan,1.3333333333333333,2057.1,10714.17629943938,64.1,39.4,58.3,410.05
385,2016,Albania,1.7374476987447698,12291.9,193465.4158930748,93.8,115.0,113.0,458.75
386,2016,Algeria,1.929932735426009,11826.2,291.4079415260632,93.6,97.0,89.6,552.9
387,2016,Angola,1.4532287266143633,7569.2,133.06760493081003,99.0,59.0,52.7,416.55
388,2016,Argentina,1.7456989247311827,19419.6,26239.47158782453,99.0,118.7,105.0,439.67499999999995
389,2016,Armenia,1.625466169419286,23189.5,5710.885728813986,55.1,95.0,97.0,452.0
390,2016,Australia,1.7919498170412964,11303.1,141205.16628191987,96.7,159.0,107.3,391.95
391,2016,Austria,1.880267214799589,48116.0,3052.5626975894065,99.0,163.3,107.7,439.62500000000006
392,2016,Azerbaijan,1.6537842190016103,53345.7,4902.403348547937,99.0,65.0,90.7,533.3
393,2016,Bangladesh,1.3934794828555368,14232.2,85.50603570825228,99.0,32.7,58.0,488.175
394,2016,Barbados,1.5387840670859538,35201.5,138209.50461514774,99.0,93.7,87.3,435.87499999999994
395,2016,Belarus,1.716323296354992,47937.7,12855.66946351321,93.2,131.0,88.3,429.2
396,2016,Belgium,1.9393627954779036,4641.6,8368.741758156106,98.9,165.7,98.3,472.375
397,2016,Belize,1.5204313280363224,15752.4,136292.44379056405,99.0,74.0,68.0,435.25
398,2016,Benin,1.594186046511628,17883.1,2031.8114155241065,97.2,51.0,65.6,505.15
399,2016,Bosnia and Herzegovina,1.7128045619491965,49829.9,25197.98373605358,98.5,85.7,97.3,535.875
400,2016,Botswana,1.4171301446051168,7132.1,787.0643656608447,96.5,67.3,72.0,413.57500000000005
401,2016,Brazil,1.7147401908801696,2961.4,11454.9621344379,99.0,124.7,93.0,434.92499999999995
402,2016,Bulgaria,1.4715404699738903,78149.4,13.98220456860145,97.6,92.3,83.7,413.12500000000006
403,2016,Burkina Faso,1.59465737514518,10775.2,13869.524062350005,64.9,63.3,79.0,465.075
404,2016,Cambodia,1.489216799091941,8202.5,3222.0642903308258,99.0,37.7,65.0,506.175
405,2016,Cameroon,1.5791594703511802,13194.3,24261.753095348315,96.8,56.0,72.3,487.45
406,2016,Canada,1.8169526781071244,15654.7,416.67141248068464,91.1,157.3,101.0,418.57500000000005
407,2016,Central African Republic,1.1065959952885749,14451.2,34691.27305719681,96.2,55.7,49.3,295.125
408,2016,Chad,1.3517322372284204,60867.3,6695.666111647452,89.4,65.3,77.0,351.57500000000005
409,2016,Chile,1.6056563500533618,20740.8,24560.83429182992,98.0,90.0,88.4,461.35
410,2016,Colombia,1.6345624656026416,1981.4,368.9669390677099,99.0,87.0,69.3,477.45
411,2016,Costa Rica,1.5848855774348058,794.6,223.2751540208714,99.0,99.0,78.0,443.75
412,2016,Cyprus,1.5630468347915594,6482.7,29807.15081068101,49.5,114.0,92.0,410.75
413,2016,Czechia,1.6661522633744856,3728.1,15688.11289489614,60.2,134.0,87.0,421.25
414,2016,Denmark,1.72452636968766,3634.4,2980.0330780169857,86.3,132.3,112.7,431.62500000000006
415,2016,Djibouti,1.4771382463690157,47457.6,269.0726786830937,69.1,62.7,69.7,475.725
416,2016,Dominica,1.578059071729958,884.5,368140.575259091,64.3,83.7,82.0,477.675
417,2016,Dominican Republic,1.5379609544468549,1687.1,2336.0850215691144,99.0,100.4,62.3,420.8
418,2016,Ecuador,1.4375,24430.2,25080.2932366914,41.3,96.7,63.3,357.37499999999994
419,2016,El Salvador,1.4841449603624008,13666.8,8678.227042620385,44.7,60.7,75.3,443.37499999999994
420,2016,Estonia,1.612108773730118,58098.4,199510.5229216404,99.0,119.3,102.0,415.07500000000005
421,2016,Eswatini,1.397399660825325,116520.0,9003.639157841066,99.0,53.7,59.0,438.175
422,2016,Ethiopia,1.4255072463768117,14194.5,3603.35442065914,99.0,29.6,72.7,475.45
423,2016,Fiji,1.4939824945295406,2988.0,26077.308042356424,96.6,71.7,71.3,450.12499999999994
424,2016,Finland,1.7131862493586454,4544.1,572.7835242066066,80.1,139.7,117.7,402.725
425,2016,France,1.847280334728033,19736.7,4440.867811553448,72.2,148.7,108.7,439.725
426,2016,Gabon,1.5169109357384445,4615.7,10901.437435068394,99.0,54.3,82.6,467.975
427,2016,Georgia,1.4863013698630136,25944.3,5961.961490311065,99.0,69.7,75.0,473.425
428,2016,Germany,1.823167606355715,36509.1,1540.6714007153048,71.0,144.7,104.3,459.375
429,2016,Ghana,1.6312535132096684,37015.0,2154.3470271064325,96.1,39.3,59.3,577.7750000000001
430,2016,Greece,1.724031007751938,1055.6,3632.53275991568,99.0,147.7,105.3,396.375
431,2016,Guatemala,1.4719432959243943,54185.0,743.4325521474361,99.0,62.3,69.7,413.12500000000006
432,2016,Guyana,1.55703211517165,4726.1,44414.88637645311,94.9,62.3,84.3,478.525
433,2016,Haiti,1.187257617728532,12171.3,1697.4207322968243,43.4,47.0,49.3,380.7
434,2016,Honduras,1.502262443438914,16166.6,5697.462374851604,99.0,83.3,60.3,416.275
435,2016,Hungary,1.6766374419804022,11551.6,61724.78742372836,75.8,149.0,86.7,390.8
436,2016,Iceland,1.8402885110767648,10795.8,5405572.9977213135,95.4,165.3,141.3,379.775
437,2016,India,1.4063722750139742,8309.9,33.68019560889856,96.4,55.3,62.7,441.875
438,2016,Indonesia,1.6353932584269664,24827.0,353.6522358406667,93.8,55.1,66.0,537.775
439,2016,Iraq,1.440158820192853,32008.9,511.3268735704972,99.0,72.3,62.4,409.6750000000001
440,2016,Ireland,1.972617166929963,8321.0,1175.5210518357933,96.6,140.0,113.3,508.2
441,2016,Israel,1.9786276715410571,1894.9,15799.75987127364,64.4,153.0,123.7,411.55
442,2016,Italy,1.7961717537506467,12820.8,73.1911547895995,51.8,146.0,103.7,435.8
443,2016,Jamaica,1.4272051009564293,46206.8,3667.829451229457,99.0,77.0,72.0,426.25
444,2016,Japan,1.4512654819601507,43705.1,349.944096606674,67.6,87.3,85.7,391.62500000000006
445,2016,Jordan,1.54863813229572,15359.7,226329.9423944395,43.6,90.6,71.0,421.65
446,2016,Kazakhstan,1.7339901477832511,2036.9,15495.570554983702,94.3,127.0,97.0,409.25
447,2016,Kenya,1.2408376963350785,12963.7,1142.4719619358675,99.0,43.0,62.0,374.5
448,2016,Kiribati,1.7922002328288709,51879.7,3021.4433612668736,99.0,124.0,71.7,419.05
449,2016,Kuwait,1.799163179916318,4837.5,379.0882775290116,99.0,106.0,100.0,521.5
450,2016,Latvia,1.7059756742464305,28239.9,3398.733199443844,84.2,124.7,99.6,426.3249999999999
451,2016,Lebanon,1.589227421109902,15614.3,2820.138150309765,79.6,89.0,69.7,460.3
452,2016,Lesotho,1.202127659574468,8206.0,13252.750186622818,96.4,47.0,62.7,368.3
453,2016,Liberia,1.2780686445607912,2253.5,5136.492028844586,99.0,56.3,41.0,381.575
454,2016,Lithuania,1.792194092827004,1864.3,10222.681347127844,81.3,98.3,124.3,504.025
455,2016,Luxembourg,1.7576064908722109,11631.1,2255.457768969696,99.0,140.0,110.6,440.9
456,2016,Madagascar,1.1377672209026128,3116.5,775.6773921171734,99.0,22.7,43.0,384.925
457,2016,Malawi,1.5414201183431953,5395.6,17945.09979335382,95.6,47.7,68.7,475.225
458,2016,Malaysia,1.542188350571584,28218.3,13327.509792191877,92.5,92.3,77.7,422.87500000000006
459,2016,Mali,1.7280966767371602,54665.8,54737.29349805248,63.7,57.0,79.7,507.05
460,2016,Malta,1.7459989674754774,5851.4,29007.174976324182,58.8,116.3,113.7,470.125
461,2016,Mauritania,1.6323024054982818,10531.1,98956.84721529702,95.5,68.0,81.3,478.2
462,2016,Mauritius,1.6042666666666667,15672.6,82.25886977263902,65.0,92.3,86.0,458.325
463,2016,Mexico,1.7254901960784317,10997.4,1034.594169572125,93.8,99.3,89.7,478.875
464,2016,Mongolia,1.53615127919911,72150.0,836.6166528921024,99.0,124.7,91.7,318.225
465,2016,Montenegro,1.8193717277486912,38214.5,1810394.3909410764,99.0,137.7,111.0,447.92499999999995
466,2016,Morocco,1.86735807860262,40837.7,11290.97901422616,88.6,67.7,99.0,603.925
467,2016,Myanmar,1.5675827257431296,9553.1,16.212588509422154,89.3,83.3,94.7,416.62500000000006
468,2016,Namibia,1.400800457404231,40728.0,23960.536783876803,96.9,56.0,64.0,422.5
469,2016,Nepal,1.6593659942363113,10036.5,3143.7717117765446,95.1,61.0,72.7,509.8
470,2016,Netherlands,1.6443429731100965,24210.9,22854.570613792148,97.4,128.0,105.3,416.95
471,2016,New Zealand,1.6500785751702465,4144.7,147656.0189214393,99.0,113.0,92.7,440.55
472,2016,Nicaragua,1.4715813168261114,2104.1,8034.6194540900415,99.0,61.7,63.3,451.625
473,2016,Nigeria,1.5385975250441957,54709.0,97.60150039802052,90.6,58.4,59.7,461.65
474,2016,North Macedonia,1.5685358255451711,4912.4,4727.443907137153,99.0,102.0,81.7,444.05
475,2016,Norway,1.7444956477214542,6896.1,7848.10367647759,99.0,140.7,112.3,422.87499999999994
476,2016,Oman,1.4945624029000515,27509.2,23696.10581492256,95.2,76.0,84.7,465.8
477,2016,Pakistan,1.4082332761578045,16058.4,70.5195899099235,58.9,76.7,65.0,378.17499999999995
478,2016,Panama,1.5727119595732737,2776.7,91140.28901632446,74.7,80.0,78.7,441.55
479,2016,Papua New Guinea,1.291860465116279,1565.1,2675.366140116408,99.0,57.3,65.0,361.57500000000005
480,2016,Paraguay,1.4895947426067908,17954.4,36062.909364848405,89.0,86.7,66.0,418.92499999999995
481,2016,Peru,1.5431131019036954,31925.8,4060.0095013793552,79.6,57.7,86.3,472.875
482,2016,Philippines,1.5138089758342923,116284.0,114.79415343922898,98.6,55.7,61.3,471.125
483,2016,Poland,1.786231884057971,1565.9,3783.704956300761,91.6,123.0,102.7,483.3
484,2016,Portugal,1.7664576802507836,1453.8,3504.930492739363,70.9,135.0,113.0,428.5
485,2016,Romania,1.837851929092805,25541.8,8453.174030676471,73.2,121.3,108.3,500.025
486,2016,Rwanda,1.2746234067207416,17583.6,11587.280951670473,98.2,26.4,59.7,430.9
487,2016,Samoa,1.6552675124103695,2198.6,93127.37740310477,97.1,134.7,88.0,359.175
488,2016,Sao Tome and Principe,1.3836009174311927,40303.5,8543752.860186692,99.0,71.7,52.3,389.62499999999994
489,2016,Saudi Arabia,1.773968934118907,3615.2,21204.90044151909,49.8,106.0,90.0,499.5
490,2016,Senegal,1.4527220630372493,4944.6,5921.227005223725,66.9,66.4,61.7,422.65
491,2016,Serbia,1.4678851174934726,20646.9,128.75590286519156,97.1,83.7,84.0,430.42499999999995
492,2016,Sierra Leone,1.318313113807048,19539.3,5388.297148009387,99.0,48.0,49.0,413.5
493,2016,Slovenia,1.651356993736952,3437.0,5853.326937308511,76.0,113.3,97.3,438.775
494,2016,Solomon Islands,1.4170112226816305,10962.0,55792.50869336398,99.0,47.4,54.3,438.8
495,2016,South Africa,1.5645855758880516,18797.9,7.828116202264859,88.4,87.3,80.3,450.025
496,2016,Spain,1.702548101924077,7105.9,18.65586347784923,68.8,149.3,106.3,376.275
497,2016,Sri Lanka,1.5165823496346262,1273.8,293.7418635625463,99.0,49.0,66.3,497.95
498,2016,Sudan,1.4907514450867052,4020.2,758.121627511655,98.5,65.0,73.7,424.8
499,2016,Suriname,1.4733115468409586,10471.3,21632.798296284363,88.3,77.7,61.0,440.42499999999995
500,2016,Sweden,1.6445131375579598,13900.3,51075.62492610057,81.7,135.7,106.3,386.375
501,2016,Switzerland,1.7137035150280184,3315.8,4558.518791658388,97.6,156.0,96.3,393.7
502,2016,Thailand,1.4700582935877051,53847.8,3278.174554661219,85.1,65.0,61.3,485.95
503,2016,Togo,1.398617511520737,41620.3,45057.54497498786,53.6,51.0,56.0,436.25
504,2016,Trinidad and Tobago,1.5852485301977552,5811.9,391.9965910814968,75.6,88.0,85.3,458.2
505,2016,Tunisia,1.897196261682243,1151.2,8583.731232874337,82.9,95.7,100.0,547.425
506,2016,Turkmenistan,1.6135726303982052,5284.9,73317.34356508961,99.0,81.0,90.3,446.7
507,2016,Ukraine,1.620020964360587,15553.4,3190.3639036154195,88.3,79.3,87.3,507.025
508,2016,United Arab Emirates,1.489496824621397,63104.1,27289.57186617847,99.0,109.0,81.7,435.3
509,2016,Uruguay,1.6881720430107527,34591.7,546.1226895286669,98.4,105.7,83.7,463.475
510,2016,Uzbekistan,1.770108695652174,4977.3,21.884911382488397,99.0,89.7,99.0,513.425
511,2016,Vanuatu,1.5472255017709564,18466.1,3461444.493148322,81.4,99.3,65.0,366.82500000000005
512,2017,Afghanistan,1.374105011933174,2058.4,10444.64602100038,66.8,40.3,58.0,427.075
513,2017,Albania,1.740450026164312,12771.0,195541.35003878069,94.1,116.7,113.3,455.625
514,2017,Algeria,1.899494665918024,11737.4,283.7169312092611,93.8,94.9,89.3,542.9250000000001
515,2017,Angola,1.4713682941531043,7310.9,128.7195091889564,99.0,58.7,52.4,425.775
516,2017,Armenia,1.6384,19840.3,5691.749052309011,99.0,96.0,97.0,455.0
517,2017,Australia,1.7812663526949242,23597.1,151247.8126568562,55.8,159.3,107.0,385.575
518,2017,Austria,1.895629820051414,12115.1,3009.8066849268844,96.7,164.3,108.3,443.775
519,2017,Azerbaijan,1.684747583243824,48398.5,4852.56136014324,99.0,65.7,92.0,544.425
520,2017,Bangladesh,1.4242424242424243,54173.0,83.10088464930901,99.0,33.0,59.0,501.25
521,2017,Barbados,1.5256813417190775,14121.4,138001.39049502322,99.0,92.0,87.3,433.45
522,2017,Belarus,1.7241014799154335,35911.7,12849.418633381843,93.9,130.7,89.0,432.42499999999995
523,2017,Belgium,1.9362795477903392,47709.8,8355.111389459245,98.9,164.7,98.3,473.125
524,2017,Belize,1.536543909348442,4894.6,133843.9225600426,99.0,79.4,68.7,430.65
525,2017,Benin,1.599535693557748,15800.4,1993.7017636922928,97.4,50.7,64.3,510.625
526,2017,Bosnia and Herzegovina,1.6981327800829875,18356.1,25343.61877277688,98.5,86.7,98.0,525.425
527,2017,Botswana,1.422543031649084,50442.3,780.018466483695,96.5,66.6,71.0,419.65
528,2017,Brazil,1.7232237539766702,7140.9,11397.499956503712,99.0,125.3,94.3,436.275
529,2017,Bulgaria,1.4764890282131662,3044.5,14.079644607242685,98.0,97.0,84.3,403.95
530,2017,Burkina Faso,1.5756521739130436,81835.0,13474.330227586426,65.1,63.3,79.0,458.075
531,2017,Cambodia,1.4968803176403858,11142.5,3173.133206070703,99.0,37.7,65.3,509.625
532,2017,Cameroon,1.563793103448276,8423.7,23619.56959334562,97.2,55.3,71.6,484.225
533,2017,Canada,1.8224882873503383,13753.8,411.901169353618,91.7,157.7,104.3,416.12499999999994
534,2017,Central African Republic,1.1186839012925969,15948.0,34283.98857011812,96.1,58.4,50.7,293.9
535,2017,Chad,1.3542521994134895,14524.6,6492.74500672948,90.3,65.7,77.7,351.725
536,2017,Chile,1.6098081023454158,60994.5,26799.042534783694,98.5,90.0,90.7,461.8
537,2017,Colombia,1.6096756459593182,21469.9,363.8326877509566,99.0,88.4,70.3,462.8
538,2017,Costa Rica,1.6019159127195317,2044.4,245.2951592489225,99.0,102.0,80.0,443.0
539,2017,Cyprus,1.5648815653964985,773.6,29846.95066903453,49.0,115.3,92.0,408.325
540,2017,Czechia,1.685890834191555,6643.2,15681.749664882129,60.8,140.7,86.7,415.225
541,2017,Denmark,1.7393753200204811,3928.4,2969.1517001010247,87.1,134.0,115.3,432.45
542,2017,Djibouti,1.4830736163353035,3665.1,264.8024573668044,69.7,62.3,68.7,481.125
543,2017,Dominica,1.5688654353562006,48317.2,368219.9832073887,64.7,81.0,81.0,480.0
544,2017,Dominican Republic,1.5555555555555556,912.8,2310.4483534892765,99.0,101.3,64.7,424.87500000000006
545,2017,Ecuador,1.4398200224971878,1587.0,24625.71589187623,40.2,96.0,62.3,361.7
546,2017,El Salvador,1.506508205998868,24411.5,8750.61285598088,45.1,61.7,75.3,451.375
547,2017,Estonia,1.6100564391995895,14520.8,199300.81272467787,99.0,121.0,102.7,409.55
548,2017,Eswatini,1.4034988713318284,59842.2,8730.378873549975,99.0,53.0,59.7,442.8
549,2017,Ethiopia,1.4380787037037035,126144.0,3528.207274726727,99.0,28.7,72.3,484.375
550,2017,Fiji,1.5161290322580645,14171.3,25870.12513390924,96.9,74.7,73.0,452.175
551,2017,Finland,1.7112820512820512,3032.3,570.0939802285166,80.2,139.7,117.7,402.225
552,2017,France,1.8348144276006275,4234.7,4425.72289611482,73.2,149.0,108.7,433.55
553,2017,Gabon,1.4890016920473774,20347.0,10658.403767510068,99.0,53.7,81.0,458.175
554,2017,Georgia,1.4686015831134565,4830.8,5949.026660110963,99.0,71.3,75.3,460.025
555,2017,Germany,1.8182751540041069,27154.1,1526.5186331679652,71.0,147.3,104.3,449.775
556,2017,Ghana,1.6844469399213924,38288.0,2078.721317032688,96.3,39.3,60.0,601.575
557,2017,Greece,1.7422520661157024,38824.9,3648.250727166572,99.0,149.3,106.3,401.025
558,2017,Guatemala,1.4952830188679245,1059.8,734.2900475543037,99.0,62.3,69.3,424.525
559,2017,Guyana,1.580841638981174,55356.7,45019.59448826008,94.5,63.3,84.3,487.025
560,2017,Haiti,1.1891592920353982,4905.0,1675.4129597016745,44.0,47.0,49.0,382.75
561,2017,Honduras,1.5005643340857788,11341.3,5624.128753201819,99.0,84.3,61.3,413.775
562,2017,Hungary,1.697626418988648,16735.4,64029.94833821214,75.9,152.3,88.0,391.825
563,2017,Iceland,1.8805355303810505,11617.9,5359996.53104861,95.4,166.0,143.0,396.5
564,2017,India,1.4232272473478504,11014.5,33.53311430071793,96.5,57.4,64.0,444.1
565,2017,Indonesia,1.6784511784511784,8454.1,349.51694264675604,94.3,59.7,68.0,545.425
566,2017,Iraq,1.465458663646659,22551.0,498.4982739497264,99.0,70.3,63.7,425.12500000000006
567,2017,Ireland,2.01735928458706,33821.9,1354.8536263688177,97.2,144.1,114.4,520.1250000000001
568,2017,Israel,2.005061867266592,8408.0,15558.959844965604,64.7,153.0,125.7,421.3
569,2017,Italy,1.7987584066218314,2021.6,73.178334149942,99.0,145.7,104.0,437.42499999999995
570,2017,Jamaica,1.464152947424323,13429.3,3447.628907769251,68.6,76.7,73.3,443.37499999999994
571,2017,Japan,1.4596340150699678,47570.1,348.54156218524207,45.1,88.0,86.0,394.0
572,2017,Jordan,1.5174515235457064,44577.1,220945.46814581068,94.3,90.3,69.3,412.275
573,2017,Kazakhstan,1.7855183763027975,15006.8,15282.059360098196,99.0,126.3,100.0,429.57500000000005
574,2017,Kenya,1.2453596287703017,2072.6,1125.4223918117038,99.0,44.4,61.0,375.85
575,2017,Kiribati,1.7902097902097902,13589.7,2978.458735206258,99.0,123.0,71.0,420.25
576,2017,Kuwait,1.8003136434918976,53071.5,373.264774899645,84.5,107.4,99.7,519.65
577,2017,Latvia,1.7051961823966066,5115.9,3450.9816785121398,79.9,126.0,100.4,420.1
578,2017,Lebanon,1.5708853883758829,28604.9,2821.051143558213,97.0,90.3,69.7,450.12500000000006
579,2017,Lesotho,1.2204812534974818,16217.5,13197.024955869669,99.0,47.7,63.3,374.625
580,2017,Liberia,1.286295005807201,8322.2,5142.247583271235,82.4,53.6,41.3,391.85
581,2017,Lithuania,1.808870116156283,2417.8,10315.87966482265,99.0,100.6,125.0,505.15
582,2017,Luxembourg,1.75772934617334,1925.2,2215.8286507837283,99.0,141.4,109.3,439.5499999999999
583,2017,Madagascar,1.1358244365361805,12005.4,755.9488836203201,95.6,23.0,42.7,384.3
584,2017,Malawi,1.5415929203539822,3153.3,17570.009814266894,92.9,49.7,69.7,471.725
585,2017,Malaysia,1.5636561479869424,5562.0,13147.550202615985,63.8,95.0,77.0,427.75
586,2017,Mali,1.7404948702474352,29501.1,52368.05756996785,58.9,55.0,80.0,517.25
587,2017,Malta,1.7767441860465116,55638.5,28908.39964834964,95.5,120.7,113.0,474.925
588,2017,Mauritania,1.6327231121281465,6182.9,96205.98041088296,65.5,68.0,81.3,479.2
589,2017,Mauritius,1.6194029850746268,10935.6,82.08797648392998,94.2,93.3,86.0,463.575
590,2017,Mexico,1.7247007616974972,15883.4,1046.151589333601,99.0,101.0,90.0,475.25
591,2017,Mongolia,1.5016703786191536,10526.4,823.1131984579554,99.0,124.7,93.7,299.975
592,2017,Montenegro,1.8308014667365116,77749.2,1808060.545315769,89.1,139.7,112.3,447.12499999999994
593,2017,Morocco,1.8363338788870704,39121.3,11146.599209426447,90.1,69.3,99.7,585.875
594,2017,Myanmar,1.5789473684210529,41581.1,16.11014242115209,97.1,85.0,95.3,418.45
595,2017,Namibia,1.4085714285714286,9600.1,23515.96567584677,96.0,56.0,64.7,425.55
596,2017,Nepal,1.6672413793103449,41444.2,3101.761891950988,97.4,62.3,73.7,511.375
597,2017,Netherlands,1.6590563165905632,10003.6,22800.784708892552,99.0,131.7,104.7,416.475
598,2017,New Zealand,1.6563645887899423,24863.0,146660.40979330413,99.0,114.7,94.7,437.725
599,2017,Nicaragua,1.4851039910061832,4203.6,7932.849719249166,90.7,62.3,64.3,456.025
600,2017,Nigeria,1.5347467608951708,2069.1,95.29884460288535,99.0,58.3,60.0,460.325
601,2017,North Macedonia,1.5631168831168831,50855.6,4731.57489255503,99.0,103.3,82.7,437.12500000000006
602,2017,Norway,1.7282497441146367,5046.7,7780.868390982122,95.4,139.0,113.7,417.8
603,2017,Oman,1.5212435233160622,7257.8,22812.192049338115,59.6,78.4,84.4,473.2
604,2017,Pakistan,1.4016018306636155,28673.6,69.8353365186671,75.5,77.7,65.7,371.975
605,2017,Panama,1.591138530566461,15953.7,90102.57224422928,99.0,82.0,82.1,442.65
606,2017,Papua New Guinea,1.2932636469221834,2668.3,2610.796490843013,89.6,55.3,64.3,368.025
607,2017,Paraguay,1.5062944718117133,1564.2,35703.9477458906,81.5,87.7,68.0,422.67499999999995
608,2017,Peru,1.5446927374301676,23468.0,4002.3154595469114,98.6,58.3,87.4,472.6750000000001
609,2017,Philippines,1.5269804822043629,33761.9,113.14699639412883,91.9,58.4,62.3,471.3
610,2017,Poland,1.8145077720207252,114986.0,3810.4847931567047,71.2,124.7,104.3,490.625
611,2017,Portugal,1.7816091954022988,1584.4,3570.3777615590648,73.7,135.0,114.3,434.45
612,2017,Romania,1.8522964509394573,1472.1,8508.78647088328,99.0,122.7,108.7,502.475
613,2017,Rwanda,1.2877822814128546,26661.5,11166.0501328775,97.5,26.7,60.0,435.925
614,2017,Samoa,1.674931129476584,18057.9,92737.43588693578,99.0,136.3,87.7,365.625
615,2017,Sao Tome and Principe,1.3770022883295194,2246.8,8382800.773591649,50.7,71.3,52.7,388.62500000000006
616,2017,Saudi Arabia,1.7641711229946524,43559.3,20875.66414542755,67.7,106.0,88.3,497.95
617,2017,Senegal,1.4728105323411562,3711.4,5757.699057950158,97.1,67.0,63.0,429.5
618,2017,Serbia,1.4715404699738903,5108.5,132.5084887542764,99.0,85.7,83.7,427.975
619,2017,Sierra Leone,1.339677047289504,21415.1,5273.470650111165,77.7,46.3,48.7,427.875
620,2017,Slovenia,1.666840731070496,19721.3,5804.2906094456985,99.0,114.3,97.0,443.82500000000005
621,2017,Solomon Islands,1.4203069657615113,3489.7,54054.05405405406,88.5,49.1,53.3,437.725
622,2017,South Africa,1.5610543302850994,11366.3,7.717977794395598,70.7,87.7,79.7,448.475
623,2017,Spain,1.717628705148206,19682.3,18.00742523317043,99.0,151.0,107.7,378.3
624,2017,Sri Lanka,1.523327712197864,7312.1,291.10146957397063,98.9,50.0,67.0,498.0
625,2017,Sudan,1.4717090069284064,1283.7,737.8385530242518,88.3,66.0,74.0,414.75
626,2017,Suriname,1.473053892215569,4224.5,21419.769641069863,82.7,76.3,62.0,442.82500000000005
627,2017,Sweden,1.647422680412371,10171.4,50720.37613725335,97.9,134.3,105.7,391.125
628,2017,Switzerland,1.7276899541050486,12973.8,4517.610817762063,86.5,155.3,96.3,401.275
629,2017,Thailand,1.4673740053050397,3565.2,3281.3260730152992,56.0,65.7,61.3,482.375
630,2017,Togo,1.3810344827586207,55088.6,43954.154042956034,77.6,51.7,56.3,428.125
631,2017,Trinidad and Tobago,1.5927311598075895,42218.5,390.15649610566015,83.3,88.7,85.0,460.425
632,2017,Tunisia,1.9015401540154016,6004.0,8521.496333823648,99.0,97.4,99.7,545.4
633,2017,Turkmenistan,1.6163768928771731,1163.2,72058.70016449371,88.7,79.0,90.0,452.75
634,2017,Ukraine,1.6048218029350103,5190.4,3197.0404049586014,99.0,81.7,87.3,494.375
635,2017,United Arab Emirates,1.5031784841075797,15706.4,26913.297761216527,98.6,111.7,82.0,435.17499999999995
636,2017,Uruguay,1.6969371305749597,64050.8,544.1353412994359,99.0,107.0,84.0,464.75
637,2017,Uzbekistan,1.7384448069603045,33308.5,19.399386240966532,81.4,90.0,99.0,497.75
638,2017,Vanuatu,1.5469026548672566,5091.1,3374477.668923534,46.1,98.7,64.0,369.42499999999995
